title,content,topic,sentiment
รถกระบะเสียหลักชนเสาไฟฟ้า มีผู้ได้รับบาดเจ็บ 3 ราย,รถกระบะเสียหลักพุ่งชนเสาไฟฟ้าริมถนนสายหลัก ทำให้มีผู้ได้รับบาดเจ็บ 3 ราย เจ้าหน้าที่กู้ภัยนำส่งโรงพยาบาลทันที ตำรวจคาดว่าสาเหตุมาจากการหลับในขณะขับขี่,accident,negative
รถยนต์ชนกันกลางสี่แยก มีผู้ได้รับบาดเจ็บ 5 ราย,เกิดเหตุรถยนต์สองคันชนกันบริเวณสี่แยกไฟแดง มีผู้ได้รับบาดเจ็บรวม 5 ราย ในจำนวนนี้บาดเจ็บสาหัส 1 ราย เจ้าหน้าที่ต้องใช้เครื่องตัดถ่างช่วยผู้ติดอยู่ในซากรถ,accident,negative
จักรยานยนต์ชนท้ายรถบรรทุก คนขับเสียชีวิตคาที่,รถจักรยานยนต์พุ่งชนท้ายรถบรรทุกที่จอดเสียอยู่ไหล่ทาง คนขับเสียชีวิตในที่เกิดเหตุ ตำรวจระบุว่าจุดดังกล่าวไม่มีไฟส่องสว่างและไม่มีป้ายเตือน,accident,negative
รถตู้นักเรียนพลิกคว่ำ เด็กบาดเจ็บ 8 คน,รถตู้รับส่งนักเรียนเสียหลักพลิกคว่ำข้างทาง ทำให้นักเรียนได้รับบาดเจ็บ 8 คน โชคดีที่ไม่มีผู้เสียชีวิต ผู้ปกครองเรียกร้องให้ตรวจสอบสภาพรถและใบอนุญาตคนขับ,accident,negative
เกิดอุบัติเหตุรถชนกัน 5 คันบนทางด่วน การจราจรติดขัดยาว,อุบัติเหตุรถชนกันต่อเนื่อง 5 คันบนทางด่วนช่วงขาเข้าเมือง ส่งผลให้การจราจรติดขัดเป็นระยะทางกว่า 4 กิโลเมตร เจ้าหน้าที่เร่งเคลียร์เส้นทางและแนะนำให้ผู้ใช้ทางเลี่ยงเส้นทางดังกล่าว,accident,negative
รถบัสโดยสารเบรกแตกพุ่งชนราวสะพาน,รถบัสโดยสารประจำทางเบรกแตกขณะลงเนิน พุ่งชนราวสะพานได้รับความเสียหาย ผู้โดยสารบาดเจ็บเล็กน้อย 12 ราย คนขับให้การว่าระบบเบรกมีปัญหามาก่อนหน้านี้,accident,negative
กู้ภัยช่วยผู้ติดในรถสำเร็จ ปลอดภัยทุกคน,เจ้าหน้าที่กู้ภัยใช้เวลากว่าหนึ่งชั่วโมงช่วยเหลือผู้ติดอยู่ในซากรถที่พลิกคว่ำลงข้างทาง สามารถนำผู้ประสบเหตุออกมาได้อย่างปลอดภัยทั้ง 4 คน แพทย์ระบุว่าไม่มีผู้ใดบาดเจ็บรุนแรง,accident,positive
เตือนประชาชนเลี่ยงเส้นทาง หลังเกิดอุบัติเหตุรถบรรทุกพลิกคว่ำ,ตำรวจทางหลวงแจ้งเตือนประชาชนหลีกเลี่ยงเส้นทางช่วงกิโลเมตรที่ 45 หลังเกิดเหตุรถบรรทุกพลิกคว่ำกีดขวางช่องจราจร คาดว่าจะใช้เวลาเคลียร์พื้นที่ประมาณ 3 ชั่วโมง,accident,neutral
รถจักรยานยนต์เสียหลักล้มเอง คนขับบาดเจ็บเล็กน้อย,ผู้ขับขี่รถจักรยานยนต์เสียหลักล้มบริเวณทางโค้ง ได้รับบาดเจ็บเล็กน้อยที่แขนและขา เจ้าหน้าที่นำส่งโรงพยาบาลเพื่อทำแผล คาดว่าสาเหตุมาจากถนนเปียกจากฝนที่ตกก่อนหน้า,accident,negative
เก๋งชนกลางถนนเสียหลักตกคูน้ำ คนขับรอดปลอดภัย,รถเก๋งเสียหลักตกลงคูน้ำข้างทางหลังพยายามหลบสุนัขที่วิ่งตัดหน้า คนขับสามารถออกจากรถได้เองอย่างปลอดภัย ชาวบ้านในพื้นที่ช่วยกันนำรถขึ้นจากคูน้ำ,accident,neutral
รถพ่วงบรรทุกดินพลิกคว่ำทับรถเก๋ง เสียชีวิต 2 ราย,รถพ่วงบรรทุกดินเสียหลักพลิกคว่ำทับรถเก๋งที่วิ่งสวนมา มีผู้เสียชีวิต 2 ราย เจ้าหน้าที่ต้องใช้รถเครนยกซากรถออก ตำรวจตั้งข้อสังเกตว่ารถบรรทุกน้ำหนักเกินกำหนด,accident,negative
ชนแล้วหนี ตำรวจตามจับคนขับได้จากกล้องวงจรปิด,ผู้ขับขี่รถเก๋งชนคนข้ามถนนแล้วหลบหนีไป ตำรวจตรวจสอบภาพจากกล้องวงจรปิดและติดตามจับกุมได้ภายใน 6 ชั่วโมง ผู้บาดเจ็บอาการปลอดภัยแล้วหลังเข้ารับการรักษา,accident,negative
อุบัติเหตุลดลงในช่วงเทศกาล หลังเพิ่มจุดตรวจเข้ม,ศูนย์อำนวยการความปลอดภัยทางถนนรายงานว่าจำนวนอุบัติเหตุในช่วงเทศกาลปีนี้ลดลงร้อยละ 18 เทียบกับปีก่อน หลังเพิ่มจุดตรวจวัดแอลกอฮอล์และรณรงค์สวมหมวกนิรภัยอย่างเข้มข้น,accident,positive
รถไฟชนรถกระบะที่จุดตัดไม่มีเครื่องกีดขวาง,ขบวนรถไฟชนรถกระบะบริเวณจุดตัดทางรถไฟที่ไม่มีเครื่องกีดขวาง คนขับรถกระบะได้รับบาดเจ็บสาหัส หน่วยงานท้องถิ่นเร่งเสนอให้ติดตั้งสัญญาณเตือนบริเวณจุดเสี่ยง,accident,negative
เรือโดยสารล่มกลางแม่น้ำ ช่วยผู้โดยสารขึ้นฝั่งได้ทั้งหมด,เรือโดยสารล่มกลางแม่น้ำหลังเครื่องยนต์ขัดข้องและน้ำไหลเข้าท้องเรือ เจ้าหน้าที่และชาวบ้านช่วยกันนำผู้โดยสาร 22 คนขึ้นฝั่งได้อย่างปลอดภัยทั้งหมด,accident,positive
รถเก๋งพุ่งชนร้านค้าริมทาง เจ้าของร้านบาดเจ็บ,รถเก๋งเสียหลักพุ่งชนร้านค้าริมถนน ทำให้เจ้าของร้านได้รับบาดเจ็บและทรัพย์สินเสียหาย คนขับให้การว่าเหยียบคันเร่งผิดขณะถอยรถ ตำรวจอยู่ระหว่างตรวจวัดปริมาณแอลกอฮอล์,accident,negative
หนุ่มขับรถชนเสาไฟฟ้าดับ ทำไฟดับทั้งซอย,รถกระบะพุ่งชนเสาไฟฟ้าจนหักโค่น ส่งผลให้ไฟฟ้าดับทั้งซอยกว่า 200 หลังคาเรือน การไฟฟ้าเร่งเข้าซ่อมแซมและคืนระบบได้ภายในเช้าวันรุ่งขึ้น,accident,negative
เตือนขับรถช่วงหมอกลงจัด ทัศนวิสัยต่ำกว่า 50 เมตร,กรมทางหลวงเตือนผู้ใช้รถใช้ถนนบนเส้นทางภาคเหนือ ระวังหมอกลงจัดในช่วงเช้าซึ่งทำให้ทัศนวิสัยลดลงเหลือไม่ถึง 50 เมตร แนะนำให้เปิดไฟหน้าและลดความเร็วลง,accident,neutral
รถบรรทุกสารเคมีรั่วไหลบนถนน ปิดเส้นทางชั่วคราว,รถบรรทุกสารเคมีเกิดอุบัติเหตุทำให้สารเคมีรั่วไหลลงบนผิวถนน เจ้าหน้าที่ปิดเส้นทางชั่วคราวและเข้าควบคุมพื้นที่ ไม่มีรายงานผู้ได้รับบาดเจ็บจากการสูดดม,accident,negative
จยย.ชนกันสองคันกลางซอย บาดเจ็บทั้งสองฝ่าย,รถจักรยานยนต์สองคันชนกันบริเวณปากซอยที่มีมุมอับสายตา ผู้ขับขี่ทั้งสองฝ่ายได้รับบาดเจ็บที่ศีรษะและแขน ทั้งคู่ไม่ได้สวมหมวกนิรภัยขณะเกิดเหตุ,accident,negative
คนงานตกจากนั่งร้านชั้น 4 อาการวิกฤต,คนงานก่อสร้างพลัดตกจากนั่งร้านความสูงระดับชั้น 4 ได้รับบาดเจ็บอาการวิกฤต เจ้าหน้าที่ตรวจสอบพบว่าไม่มีการติดตั้งอุปกรณ์ป้องกันการตกตามมาตรฐาน,accident,negative
ไฟไหม้รถยนต์กลางถนน คนขับหนีออกมาได้ทัน,รถยนต์เกิดเพลิงไหม้ขณะวิ่งอยู่บนถนน คนขับสังเกตเห็นควันและรีบออกจากรถได้ทันก่อนไฟลุกท่วม เจ้าหน้าที่ดับเพลิงควบคุมเพลิงได้ในเวลาไม่นาน ไม่มีผู้บาดเจ็บ,accident,neutral
รถกระบะตกสะพานลงคลอง เสียชีวิต 1 ราย,รถกระบะเสียหลักตกจากสะพานลงคลองข้างทาง มีผู้เสียชีวิต 1 ราย เจ้าหน้าที่ใช้เวลากว่า 2 ชั่วโมงในการกู้ซากรถขึ้นจากน้ำ ตำรวจสันนิษฐานว่าคนขับหลับใน,accident,negative
ผู้สูงอายุถูกรถเฉี่ยวขณะข้ามถนน บาดเจ็บที่ขา,ผู้สูงอายุถูกรถจักรยานยนต์เฉี่ยวขณะข้ามถนนบริเวณที่ไม่มีทางม้าลาย ได้รับบาดเจ็บที่ขาและสะโพก ชุมชนเรียกร้องให้ติดตั้งทางม้าลายและสัญญาณไฟคนข้าม,accident,negative
เพิ่มไฟส่องสว่างจุดเสี่ยง อุบัติเหตุกลางคืนลดลงชัดเจน,หลังเทศบาลติดตั้งไฟส่องสว่างเพิ่มบริเวณทางโค้งที่เคยเกิดอุบัติเหตุบ่อยครั้ง สถิติอุบัติเหตุช่วงกลางคืนในจุดดังกล่าวลดลงอย่างเห็นได้ชัด ชาวบ้านชื่นชมการแก้ปัญหาที่ตรงจุด,accident,positive
รถเมล์เบรกทันคนข้ามถนน ผู้โดยสารล้มบาดเจ็บ,รถเมล์เบรกอย่างแรงเพื่อหลีกเลี่ยงการชนคนข้ามถนน ทำให้ผู้โดยสารที่ยืนอยู่ล้มลงและได้รับบาดเจ็บ 3 ราย คนขับยืนยันว่าจำเป็นต้องเบรกเพื่อป้องกันอุบัติเหตุที่รุนแรงกว่า,accident,negative
รถขนส่งสินค้าชนกำแพงคลังสินค้า สินค้าเสียหายจำนวนมาก,รถขนส่งสินค้าเสียหลักพุ่งชนกำแพงคลังสินค้า ทำให้สินค้าภายในเสียหายจำนวนมาก คนขับได้รับบาดเจ็บเล็กน้อย บริษัทประเมินความเสียหายเบื้องต้นหลายแสนบาท,accident,negative
เตือนถนนลื่นช่วงฝนตกแรก แนะเว้นระยะห่าง,ตำรวจจราจรเตือนผู้ขับขี่ระวังถนนลื่นเป็นพิเศษในช่วงฝนตกครั้งแรกหลังแล้งนาน เนื่องจากคราบน้ำมันบนผิวถนนทำให้ยางจับถนนได้น้อยลง ควรเว้นระยะห่างเพิ่มขึ้นเป็นสองเท่า,accident,neutral
รถจักรยานยนต์ชนสุนัขจรจัด คนขับกระเด็นตกถนน,ผู้ขับขี่รถจักรยานยนต์ชนสุนัขจรจัดที่วิ่งตัดหน้า ทำให้กระเด็นตกลงบนถนนและได้รับบาดเจ็บที่ไหล่ เทศบาลรับเรื่องเพื่อจัดการปัญหาสุนัขจรจัดในพื้นที่,accident,negative
อุบัติเหตุงานก่อสร้าง เครนล้มทับรถที่จอดอยู่,เครนในไซต์งานก่อสร้างล้มลงทับรถยนต์ที่จอดอยู่ริมถนน 3 คัน ไม่มีผู้ได้รับบาดเจ็บเนื่องจากเกิดเหตุในช่วงพักกลางวัน หน่วยงานสั่งหยุดงานเพื่อตรวจสอบความปลอดภัย,accident,negative
รถชนต้นไม้ล้มขวางถนน ปิดการจราจรหนึ่งช่องทาง,รถกระบะพุ่งชนต้นไม้ใหญ่ริมทางจนต้นไม้ล้มขวางถนน เจ้าหน้าที่ปิดการจราจรหนึ่งช่องทางเพื่อตัดต้นไม้ออก คนขับได้รับบาดเจ็บเล็กน้อยและถูกนำส่งโรงพยาบาล,accident,negative
หญิงพลัดตกจากรถไฟฟ้า เจ้าหน้าที่ช่วยได้ทัน,หญิงรายหนึ่งพลัดตกลงระหว่างชานชาลาและขบวนรถไฟฟ้า เจ้าหน้าที่สถานีกดปุ่มหยุดฉุกเฉินและช่วยขึ้นมาได้ทันเวลา ผู้ประสบเหตุได้รับบาดเจ็บเพียงเล็กน้อย,accident,positive
รถทัวร์เสียหลักตกข้างทาง ผู้โดยสารบาดเจ็บ 15 ราย,รถทัวร์โดยสารเสียหลักตกลงข้างทางบริเวณทางโค้งลงเขา ผู้โดยสารได้รับบาดเจ็บ 15 ราย เจ้าหน้าที่ระดมรถพยาบาลจากหลายโรงพยาบาลเข้าช่วยเหลือ,accident,negative
ชายขับรถฝ่าไฟแดงชนรถที่วิ่งตรงมา,ผู้ขับขี่รถเก๋งฝ่าสัญญาณไฟแดงพุ่งชนรถที่วิ่งมาตามทางตรง ทำให้ทั้งสองฝ่ายได้รับบาดเจ็บ ตำรวจใช้ภาพจากกล้องหน้ารถเป็นหลักฐานในการดำเนินคดี,accident,negative
เด็กจมน้ำในสระหมู่บ้าน เพื่อนบ้านช่วยขึ้นมาได้,เด็กชายวัย 7 ขวบพลัดตกลงในสระน้ำภายในหมู่บ้าน เพื่อนบ้านที่ผ่านมาเห็นและช่วยขึ้นมาได้ทัน แพทย์ระบุว่าปลอดภัยแล้วหลังสังเกตอาการหนึ่งคืน,accident,positive
รถบรรทุกน้ำมันคว่ำ เจ้าหน้าที่ปิดถนนควบคุมพื้นที่,รถบรรทุกน้ำมันพลิกคว่ำบนถนนสายหลัก เจ้าหน้าที่ปิดถนนเป็นระยะทาง 2 กิโลเมตรเพื่อควบคุมความเสี่ยงเพลิงไหม้ ไม่มีรายงานผู้ได้รับบาดเจ็บและไม่มีน้ำมันรั่วไหลลงแหล่งน้ำ,accident,neutral
ลิฟต์ค้างระหว่างชั้น ช่วยผู้ติดอยู่ 6 คนออกมาได้,ลิฟต์อาคารสำนักงานค้างระหว่างชั้นทำให้มีผู้ติดอยู่ภายใน 6 คน เจ้าหน้าที่กู้ภัยเปิดประตูและช่วยออกมาได้อย่างปลอดภัยภายใน 40 นาที เจ้าของอาคารสั่งตรวจสอบระบบทั้งหมด,accident,neutral
รถชนกันบนสะพานลอย เศษกระจกร่วงใส่ถนนล่าง,อุบัติเหตุรถชนกันบนสะพานลอยทำให้เศษกระจกร่วงลงถนนด้านล่าง เจ้าหน้าที่เร่งเก็บกวาดเพื่อป้องกันยางรถแตก มีผู้ได้รับบาดเจ็บเล็กน้อย 2 ราย,accident,negative
ผู้ขับขี่เมาแล้วขับชนกำแพงบ้าน เจ้าของบ้านไม่ได้รับบาดเจ็บ,ผู้ขับขี่ที่มีปริมาณแอลกอฮอล์เกินกำหนดพุ่งชนกำแพงบ้านพักอาศัยจนพัง เจ้าของบ้านไม่ได้รับบาดเจ็บเนื่องจากอยู่ด้านหลังบ้าน ตำรวจดำเนินคดีข้อหาเมาแล้วขับ,accident,negative
ปรับปรุงทางโค้งอันตราย ลดอุบัติเหตุได้กว่าครึ่ง,กรมทางหลวงปรับปรุงทางโค้งที่เคยเกิดอุบัติเหตุซ้ำซาก โดยขยายไหล่ทางและติดตั้งแบริเออร์ ผลการติดตามหนึ่งปีพบว่าอุบัติเหตุในจุดดังกล่าวลดลงมากกว่าครึ่ง,accident,positive
รถจักรยานยนต์ชนคนเดินเท้าบนทางเท้า,ผู้ขับขี่รถจักรยานยนต์ขึ้นขับบนทางเท้าและชนคนเดินเท้าจนได้รับบาดเจ็บ เทศบาลเตรียมเพิ่มการกวดขันการขับขี่บนทางเท้าและติดตั้งเสากั้นในจุดที่มีปัญหา,accident,negative
รถเก๋งชนท้ายรถพ่วงติดไฟท้ายเสีย,รถเก๋งพุ่งชนท้ายรถพ่วงที่ไฟท้ายไม่ติดในช่วงกลางคืน คนขับรถเก๋งได้รับบาดเจ็บสาหัส ตำรวจดำเนินคดีเจ้าของรถพ่วงข้อหานำรถที่มีอุปกรณ์ไม่สมบูรณ์มาใช้บนถนน,accident,negative
เหตุรถชนกันช่วงเช้า การจราจรกลับสู่ปกติเร็วกว่าคาด,อุบัติเหตุรถชนกันในช่วงเช้าเร่งด่วนทำให้การจราจรติดขัด แต่เจ้าหน้าที่สามารถเคลียร์พื้นที่ได้ภายใน 25 นาที ทำให้การจราจรกลับสู่ภาวะปกติเร็วกว่าที่คาดการณ์ไว้,accident,positive
รถโรงเรียนเบรกทัน ไม่มีเด็กได้รับบาดเจ็บ,คนขับรถรับส่งนักเรียนเบรกได้ทันเมื่อรถคันหน้าหยุดฉุกเฉิน ทำให้ไม่เกิดการชนและไม่มีนักเรียนได้รับบาดเจ็บ โรงเรียนใช้เหตุการณ์นี้เป็นกรณีศึกษาอบรมความปลอดภัย,accident,positive
หนุ่มขับรถตกร่องระบายน้ำที่ไม่มีฝาปิด,ผู้ขับขี่รถจักรยานยนต์ตกลงในร่องระบายน้ำที่ไม่มีฝาปิดริมถนน ได้รับบาดเจ็บที่ขาและต้องเข้าเฝือก ชาวบ้านระบุว่าแจ้งปัญหาฝาท่อหายไปหลายเดือนแล้วแต่ยังไม่ได้รับการแก้ไข,accident,negative
เกิดเหตุรถชนกันในลานจอดรถห้าง ไม่มีผู้บาดเจ็บ,รถยนต์สองคันเฉี่ยวชนกันในลานจอดรถศูนย์การค้า ไม่มีผู้ได้รับบาดเจ็บ ทั้งสองฝ่ายตกลงเจรจาค่าเสียหายกันได้โดยไม่ต้องแจ้งความ,accident,neutral
รถบรรทุกชนราวกั้นทางด่วน เจ้าหน้าที่ซ่อมแซมข้ามคืน,รถบรรทุกเสียหลักชนราวกั้นบนทางด่วนได้รับความเสียหายเป็นระยะทาง 30 เมตร เจ้าหน้าที่เข้าซ่อมแซมในช่วงกลางคืนเพื่อลดผลกระทบต่อการจราจร คนขับบาดเจ็บเล็กน้อย,accident,neutral
เตือนระวังอุบัติเหตุช่วงปิดเทอม เด็กเล่นริมถนนเพิ่มขึ้น,หน่วยงานความปลอดภัยทางถนนเตือนผู้ขับขี่ให้ระมัดระวังเป็นพิเศษในช่วงปิดภาคเรียน เนื่องจากมีเด็กเล่นบริเวณริมถนนและในซอยเพิ่มขึ้น ควรลดความเร็วเมื่อผ่านเขตชุมชน,accident,neutral
รถชนกันเพราะแซงในที่คับขัน บาดเจ็บ 4 ราย,อุบัติเหตุรถชนประสานงากันเกิดจากการแซงในบริเวณที่คับขันและมีเส้นทึบห้ามแซง มีผู้ได้รับบาดเจ็บรวม 4 ราย ตำรวจดำเนินคดีผู้ขับขี่ที่แซงผิดกฎจราจร,accident,negative
ระบบแจ้งเหตุฉุกเฉินใหม่ ช่วยลดเวลาถึงที่เกิดเหตุ,หน่วยกู้ภัยเริ่มใช้ระบบแจ้งเหตุฉุกเฉินที่ระบุพิกัดอัตโนมัติ ทำให้เวลาเดินทางถึงที่เกิดเหตุลดลงเฉลี่ย 4 นาที ซึ่งมีผลอย่างมากต่อโอกาสรอดชีวิตของผู้ประสบเหตุ,accident,positive
ตำรวจจับกุมผู้ต้องหาคดีลักทรัพย์ หลังติดตามจากกล้องวงจรปิด,เจ้าหน้าที่ตำรวจจับกุมผู้ต้องหาคดีลักทรัพย์ในบ้านพักได้ที่ห้องเช่าย่านชานเมือง หลังตรวจสอบภาพจากกล้องวงจรปิดและติดตามเส้นทางหลบหนี ผู้ต้องหาให้การรับสารภาพและนำของกลางมาคืนเจ้าทรัพย์,crime,positive
บุกจับแหล่งผลิตยาเสพติดกลางเมือง ยึดของกลางมูลค่าหลายล้าน,ชุดปฏิบัติการปราบปรามยาเสพติดบุกค้นบ้านต้องสงสัยและพบอุปกรณ์ผลิตยาเสพติดพร้อมของกลางมูลค่ากว่า 8 ล้านบาท จับกุมผู้ต้องหาได้ 4 ราย ขยายผลไปถึงเครือข่ายผู้จำหน่ายในหลายจังหวัด,crime,positive
คนร้ายงัดร้านทองชิงทรัพย์ หนีไปได้,คนร้าย 2 คนงัดร้านทองในตลาดช่วงกลางดึกและชิงทองรูปพรรณไปหลายรายการ ก่อนหลบหนีด้วยรถจักรยานยนต์ เจ้าหน้าที่กำลังตรวจสอบภาพวงจรปิดเพื่อติดตามตัว,crime,negative
หลอกลวงออนไลน์ระบาด เสียหายรวมกว่า 30 ล้านบาท,ตำรวจไซเบอร์เผยสถิติคดีหลอกลวงทางออนไลน์ในรอบเดือนเพิ่มขึ้นอย่างมาก มีผู้เสียหายรวมความเสียหายกว่า 30 ล้านบาท ส่วนใหญ่เป็นการหลอกให้ลงทุนและหลอกให้โอนเงินค่ามัดจำสินค้า,crime,negative
จับแก๊งคอลเซ็นเตอร์ข้ามชาติ ยึดอุปกรณ์สื่อสารจำนวนมาก,เจ้าหน้าที่ร่วมกับหน่วยงานต่างประเทศบุกทลายแก๊งคอลเซ็นเตอร์ที่ตั้งฐานอยู่บริเวณชายแดน จับกุมผู้ต้องหาได้ 23 ราย พร้อมยึดคอมพิวเตอร์และซิมการ์ดจำนวนมากเป็นของกลาง,crime,positive
ชายก่อเหตุทำร้ายร่างกายในผับ ตำรวจควบคุมตัวได้,เกิดเหตุทะเลาะวิวาทในสถานบันเทิงจนมีผู้ได้รับบาดเจ็บ 2 ราย เจ้าหน้าที่เข้าระงับเหตุและควบคุมตัวผู้ก่อเหตุได้ทันที ผู้บาดเจ็บถูกนำส่งโรงพยาบาลและอาการไม่รุนแรง,crime,negative
ตำรวจตามจับผู้ต้องหาคดีฉ้อโกงหลังหลบหนี 3 ปี,ผู้ต้องหาคดีฉ้อโกงประชาชนที่หลบหนีหมายจับมากว่า 3 ปี ถูกจับกุมได้ขณะกำลังเดินทางออกนอกประเทศ เจ้าหน้าที่ระบุว่ามีผู้เสียหายในคดีนี้มากกว่า 60 ราย,crime,positive
ลักรถจักรยานยนต์หน้าหอพัก คนร้ายใช้เวลาไม่ถึงนาที,คนร้ายลักรถจักรยานยนต์ที่จอดอยู่หน้าหอพักโดยใช้เวลาไม่ถึงหนึ่งนาที ภาพจากกล้องวงจรปิดแสดงให้เห็นการใช้อุปกรณ์สะเดาะกุญแจ เจ้าหน้าที่แนะนำให้ผู้พักอาศัยใช้ล็อกเสริม,crime,negative
ยึดสินค้าละเมิดลิขสิทธิ์กลางตลาดนัด มูลค่าเกือบล้าน,เจ้าหน้าที่เข้าตรวจค้นแผงค้าในตลาดนัดและยึดสินค้าละเมิดลิขสิทธิ์มูลค่าเกือบหนึ่งล้านบาท ผู้ค้าถูกดำเนินคดีตามกฎหมาย เจ้าหน้าที่ระบุว่าจะขยายการตรวจสอบไปยังแหล่งกระจายสินค้า,crime,neutral
หญิงถูกล้วงกระเป๋าบนรถโดยสาร สูญเงินหลายพัน,ผู้เสียหายแจ้งความว่าถูกล้วงกระเป๋าขณะโดยสารรถประจำทางในช่วงเวลาเร่งด่วน สูญเงินสดและบัตรประจำตัว ตำรวจเตือนให้ระวังทรัพย์สินในที่แออัดและเก็บกระเป๋าไว้ด้านหน้าลำตัว,crime,negative
ปราบปรามการพนันออนไลน์ จับผู้เกี่ยวข้อง 12 ราย,เจ้าหน้าที่บุกค้นเป้าหมาย 5 จุดในคดีเว็บพนันออนไลน์ จับกุมผู้เกี่ยวข้องได้ 12 ราย พร้อมอายัดบัญชีธนาคารที่ใช้หมุนเวียนเงินกว่า 40 บัญชี,crime,positive
คดีปล้นร้านสะดวกซื้อ พนักงานปลอดภัย,คนร้ายก่อเหตุปล้นร้านสะดวกซื้อในช่วงกลางคืนและหลบหนีไปพร้อมเงินสดจำนวนหนึ่ง พนักงานไม่ได้รับบาดเจ็บ เจ้าหน้าที่กำลังติดตามจากภาพวงจรปิดและเส้นทางหลบหนี,crime,negative
ศาลตัดสินจำคุกผู้กระทำผิดคดีทำร้ายร่างกาย,ศาลมีคำพิพากษาจำคุกผู้กระทำผิดในคดีทำร้ายร่างกายผู้อื่นจนได้รับบาดเจ็บสาหัส โดยไม่รอลงอาญา ผู้เสียหายและครอบครัวแสดงความพอใจต่อคำตัดสิน,crime,neutral
ตำรวจคืนทรัพย์สินให้ผู้เสียหายกว่า 100 ราย,เจ้าหน้าที่จัดพิธีมอบคืนทรัพย์สินที่ยึดได้จากขบวนการลักทรัพย์ให้ผู้เสียหายกว่า 100 ราย รวมมูลค่าหลายล้านบาท ผู้เสียหายหลายรายไม่คาดคิดว่าจะได้ทรัพย์สินคืน,crime,positive
เตือนภัยมิจฉาชีพปลอมเป็นเจ้าหน้าที่รัฐ,หน่วยงานเตือนประชาชนระวังมิจฉาชีพที่แอบอ้างเป็นเจ้าหน้าที่รัฐโทรศัพท์ข่มขู่เรื่องคดีความและให้โอนเงิน ย้ำว่าหน่วยงานราชการไม่มีนโยบายเรียกเก็บเงินทางโทรศัพท์,crime,neutral
จับกุมผู้ค้าอาวุธเถื่อนผ่านสื่อสังคมออนไลน์,เจ้าหน้าที่สืบสวนพบการซื้อขายอาวุธปืนเถื่อนผ่านกลุ่มปิดในสื่อสังคมออนไลน์ จับกุมผู้ต้องหาได้ 3 ราย พร้อมยึดอาวุธปืนและเครื่องกระสุนจำนวนมาก,crime,positive
คนร้ายวางเพลิงรถยนต์หน้าบ้าน เจ้าของทรัพย์เสียหาย,เกิดเหตุคนร้ายวางเพลิงรถยนต์ที่จอดอยู่หน้าบ้านพักในช่วงกลางดึก ทำให้รถได้รับความเสียหายทั้งคัน ตำรวจสันนิษฐานว่าอาจเกี่ยวข้องกับความขัดแย้งส่วนตัว,crime,negative
ผู้ต้องหาคดียาเสพติดเข้ามอบตัว หลังเจรจากับครอบครัว,ผู้ต้องหาตามหมายจับคดียาเสพติดเดินทางเข้ามอบตัวกับเจ้าหน้าที่ หลังครอบครัวช่วยเจรจาเกลี้ยกล่อม เจ้าหน้าที่ระบุว่าการมอบตัวจะเป็นผลดีต่อรูปคดี,crime,neutral
สถิติอาชญากรรมในเขตเมืองลดลงต่อเนื่อง 2 ปี,หน่วยงานตำรวจรายงานว่าสถิติคดีอาชญากรรมในเขตเมืองลดลงต่อเนื่องเป็นปีที่สอง โดยเฉพาะคดีลักทรัพย์และคดีชิงทรัพย์ ผลจากการเพิ่มกล้องวงจรปิดและสายตรวจในชุมชน,crime,positive
หลอกขายสินค้าออนไลน์ไม่ส่งของ ผู้เสียหายรวมตัวแจ้งความ,ผู้เสียหายกว่า 80 รายรวมตัวเข้าแจ้งความคดีหลอกขายสินค้าออนไลน์แล้วไม่ส่งของ มูลค่าความเสียหายรวมกว่า 2 ล้านบาท เจ้าหน้าที่กำลังตรวจสอบเส้นทางการเงิน,crime,negative
ตำรวจจับผู้ต้องหาคดีข่มขู่รีดไถผู้ประกอบการ,เจ้าหน้าที่จับกุมกลุ่มผู้ต้องหาที่ข่มขู่เรียกเก็บเงินจากผู้ประกอบการร้านค้าในพื้นที่ ผู้เสียหายหลายรายกล้าเข้าให้ปากคำหลังได้รับการคุ้มครองความปลอดภัย,crime,positive
ขบวนการฟอกเงินถูกทลาย อายัดทรัพย์กว่า 200 ล้าน,หน่วยงานปราบปรามการฟอกเงินทลายขบวนการที่ใช้บริษัทบังหน้าโยกย้ายเงินผิดกฎหมาย อายัดทรัพย์สินได้มูลค่ากว่า 200 ล้านบาท และดำเนินคดีผู้เกี่ยวข้อง 9 ราย,crime,positive
เหตุยิงกันในพื้นที่ชุมชน ไม่มีผู้เสียชีวิต,เกิดเหตุยิงกันระหว่างกลุ่มวัยรุ่นในพื้นที่ชุมชนช่วงกลางคืน ไม่มีผู้เสียชีวิตแต่มีผู้ได้รับบาดเจ็บ 1 ราย เจ้าหน้าที่เพิ่มกำลังสายตรวจเพื่อป้องกันเหตุซ้ำ,crime,negative
จับผู้ต้องหาปลอมเอกสารราชการเพื่อขอสินเชื่อ,เจ้าหน้าที่จับกุมผู้ต้องหาที่ปลอมเอกสารราชการเพื่อใช้ยื่นขอสินเชื่อจากสถาบันการเงิน ตรวจพบการกระทำลักษณะเดียวกันหลายครั้ง ธนาคารเสียหายรวมหลายล้านบาท,crime,negative
ตำรวจช่วยเหยื่อค้ามนุษย์ออกจากสถานประกอบการ,เจ้าหน้าที่เข้าตรวจสอบสถานประกอบการต้องสงสัยและช่วยเหลือผู้เสียหายจากการค้ามนุษย์ได้ 7 ราย ผู้เสียหายเข้าสู่กระบวนการคุ้มครองและฟื้นฟู ผู้ต้องหาถูกดำเนินคดี,crime,positive
คดีโจรกรรมข้อมูลลูกค้า บริษัทเร่งแจ้งผู้ได้รับผลกระทบ,บริษัทแห่งหนึ่งแจ้งเหตุข้อมูลลูกค้าถูกโจรกรรมและเร่งแจ้งเตือนผู้ได้รับผลกระทบให้เปลี่ยนรหัสผ่าน เจ้าหน้าที่กำลังสืบหาผู้กระทำผิดและตรวจสอบช่องโหว่ของระบบ,crime,negative
บุกทลายบ่อนการพนันในบ้านพัก จับกุม 18 ราย,เจ้าหน้าที่บุกเข้าตรวจค้นบ้านพักที่ใช้เป็นบ่อนการพนัน จับกุมผู้เล่นและเจ้ามือรวม 18 ราย พร้อมยึดเงินสดและอุปกรณ์การพนันเป็นของกลาง,crime,neutral
เยาวชนก่อเหตุลักทรัพย์ ผู้ปกครองรับตัวไปดูแล,เยาวชนกลุ่มหนึ่งก่อเหตุลักทรัพย์ในร้านค้า เจ้าหน้าที่ควบคุมตัวและส่งเข้าสู่กระบวนการสำหรับเยาวชน ผู้ปกครองรับตัวไปดูแลพร้อมชดใช้ค่าเสียหายให้เจ้าทรัพย์,crime,neutral
เตือนระวังคดีหลอกให้กดลิงก์ปลอม สูญเงินในบัญชี,ตำรวจไซเบอร์เตือนประชาชนอย่ากดลิงก์ที่ส่งมาทางข้อความสั้น เนื่องจากพบผู้เสียหายจำนวนมากถูกดูดเงินออกจากบัญชีหลังกรอกข้อมูลในหน้าเว็บปลอม,crime,negative
ตำรวจไซเบอร์กู้เงินคืนผู้เสียหายได้บางส่วน,เจ้าหน้าที่ตำรวจไซเบอร์สามารถอายัดบัญชีปลายทางได้ทันเวลาและกู้เงินคืนให้ผู้เสียหายในคดีหลอกลงทุนได้บางส่วน ย้ำว่าการแจ้งเหตุภายใน 72 ชั่วโมงเพิ่มโอกาสได้เงินคืน,crime,positive
ชายลักน้ำมันจากรถบรรทุกในลานจอด,เจ้าหน้าที่จับกุมผู้ต้องหาที่ลักน้ำมันจากรถบรรทุกที่จอดในลานพักรถ โดยกระทำต่อเนื่องหลายครั้ง ผู้ประกอบการขนส่งระบุว่าเสียหายรวมหลายหมื่นบาทต่อเดือน,crime,negative
คดีทำลายทรัพย์สินสาธารณะ ผู้ก่อเหตุยอมชดใช้,ผู้ก่อเหตุทำลายป้ายและอุปกรณ์สาธารณะในสวนสาธารณะยอมรับผิดและตกลงชดใช้ค่าเสียหายให้หน่วยงานท้องถิ่น เทศบาลเตรียมเพิ่มกล้องวงจรปิดในพื้นที่,crime,neutral
จับผู้ต้องหาคดีข่มขืน หลังตรวจพิสูจน์หลักฐานทางนิติเวช,เจ้าหน้าที่จับกุมผู้ต้องหาในคดีล่วงละเมิดทางเพศได้หลังผลตรวจพิสูจน์หลักฐานทางนิติเวชยืนยันตัวบุคคล ผู้เสียหายได้รับการดูแลด้านจิตใจจากหน่วยงานที่เกี่ยวข้อง,crime,positive
เตือนภัยการโจรกรรมในช่วงวันหยุดยาว,ตำรวจแนะประชาชนที่เดินทางในช่วงวันหยุดยาวตรวจสอบความปลอดภัยของบ้านพัก ฝากบ้านไว้กับสถานีตำรวจ และหลีกเลี่ยงการโพสต์ภาพการเดินทางแบบเรียลไทม์,crime,neutral
ตำรวจจับผู้ต้องหาคดีปล้นทรัพย์ได้ภายใน 24 ชั่วโมง,เจ้าหน้าที่ใช้เวลาไม่ถึง 24 ชั่วโมงในการติดตามจับกุมผู้ต้องหาคดีปล้นทรัพย์ โดยประสานข้อมูลจากกล้องวงจรปิดหลายจุดและพยานในพื้นที่ ของกลางถูกส่งคืนผู้เสียหาย,crime,positive
พบการลักลอบทิ้งกากอุตสาหกรรม ดำเนินคดีเจ้าของกิจการ,เจ้าหน้าที่ตรวจพบการลักลอบนำกากอุตสาหกรรมไปทิ้งในพื้นที่รับซื้อของเก่า ดำเนินคดีเจ้าของกิจการและผู้ขนส่ง พร้อมสั่งให้ขนย้ายกากออกจากพื้นที่ทั้งหมด,crime,negative
หนุ่มถูกจับหลังแฮ็กบัญชีสื่อสังคมออนไลน์ผู้อื่น,เจ้าหน้าที่จับกุมผู้ต้องหาที่เข้าถึงบัญชีสื่อสังคมออนไลน์ของผู้อื่นโดยไม่ได้รับอนุญาตและใช้หลอกยืมเงินจากรายชื่อผู้ติดต่อ มีผู้เสียหายหลายสิบราย,crime,negative
ชุมชนตั้งกลุ่มเฝ้าระวัง อาชญากรรมในซอยลดลง,ชาวบ้านในชุมชนรวมตัวตั้งกลุ่มเฝ้าระวังและติดตั้งกล้องวงจรปิดร่วมกัน ทำให้คดีลักทรัพย์ในพื้นที่ลดลงอย่างเห็นได้ชัดในรอบครึ่งปี ตำรวจยกเป็นตัวอย่างการมีส่วนร่วมของชุมชน,crime,positive
คดีทุจริตจัดซื้อจัดจ้าง ส่งฟ้องผู้เกี่ยวข้อง,หน่วยงานตรวจสอบส่งสำนวนคดีทุจริตการจัดซื้อจัดจ้างในโครงการก่อสร้างให้อัยการพิจารณาสั่งฟ้อง มีเจ้าหน้าที่รัฐและเอกชนเกี่ยวข้องรวม 6 ราย,crime,negative
ตำรวจตรวจยึดบุหรี่ไฟฟ้าผิดกฎหมายจำนวนมาก,เจ้าหน้าที่เข้าตรวจค้นโกดังและยึดบุหรี่ไฟฟ้าที่นำเข้าโดยผิดกฎหมายมูลค่ากว่า 3 ล้านบาท ผู้ครอบครองถูกดำเนินคดีตามกฎหมายศุลกากรและกฎหมายที่เกี่ยวข้อง,crime,neutral
คนร้ายงัดตู้บริจาคในวัด ชาวบ้านช่วยจับได้,คนร้ายงัดตู้บริจาคภายในวัดแต่ถูกชาวบ้านที่สังเกตเห็นช่วยกันจับกุมและส่งมอบให้เจ้าหน้าที่ เงินบริจาคได้รับคืนครบถ้วน เจ้าอาวาสไม่ประสงค์เอาความแต่ให้ดำเนินคดีตามกฎหมาย,crime,positive
เหตุทะเลาะวิวาทหน้าสถานบันเทิง บาดเจ็บ 3 ราย,เกิดเหตุทะเลาะวิวาทระหว่างสองกลุ่มบริเวณหน้าสถานบันเทิง มีผู้ได้รับบาดเจ็บ 3 ราย เจ้าหน้าที่ควบคุมสถานการณ์ได้และเรียกทั้งสองฝ่ายมาไกล่เกลี่ย,crime,negative
จับกุมผู้ลักลอบขนแรงงานข้ามชายแดน,เจ้าหน้าที่สกัดจับรถบรรทุกที่ลักลอบขนแรงงานข้ามชายแดนได้ 15 คน ผู้ขนส่งถูกดำเนินคดี แรงงานเข้าสู่กระบวนการคัดแยกเพื่อตรวจสอบว่าเป็นผู้เสียหายจากการค้ามนุษย์หรือไม่,crime,neutral
ตำรวจเปิดสายด่วนรับแจ้งเหตุออนไลน์ ใช้งานง่ายขึ้น,"หน่วยงานตำรวจเปิดช่องทางแจ้งเหตุอาชญากรรมออนไลน์รูปแบบใหม่ที่ใช้งานง่ายและติดตามสถานะคดีได้ ประชาชนตอบรับดีโดยมีการแจ้งเหตุผ่านระบบใหม่กว่า 5,000 เรื่องในเดือนแรก",crime,positive
คดีปลอมแปลงสินค้าแบรนด์ดัง ยึดของกลางเต็มโกดัง,เจ้าหน้าที่บุกค้นโกดังและยึดสินค้าปลอมแปลงเครื่องหมายการค้าเต็มพื้นที่ มูลค่าความเสียหายที่เจ้าของสิทธิ์ประเมินไว้กว่า 20 ล้านบาท ผู้ต้องหา 2 รายถูกควบคุมตัว,crime,negative
ชายก่อเหตุขับรถชนแล้วหนี ถูกจับหลังมอบตัว,ผู้ก่อเหตุขับรถชนผู้อื่นแล้วหลบหนีเข้ามอบตัวกับเจ้าหน้าที่ในวันรุ่งขึ้น พร้อมแสดงความประสงค์ชดใช้ค่าเสียหาย ตำรวจยังดำเนินคดีตามกฎหมายในความผิดที่เกิดขึ้น,crime,neutral
ยึดรถหรูที่ได้จากการฉ้อโกง คืนสถาบันการเงิน,เจ้าหน้าที่ยึดรถยนต์หรูที่ผู้ต้องหาได้มาจากการฉ้อโกงสินเชื่อและส่งคืนสถาบันการเงินที่เสียหาย พร้อมขยายผลตรวจสอบทรัพย์สินอื่นที่อาจได้มาโดยมิชอบ,crime,positive
เตือนอย่าให้ผู้อื่นใช้บัญชีธนาคาร เสี่ยงเป็นบัญชีม้า,หน่วยงานเตือนประชาชนไม่ให้เปิดบัญชีธนาคารให้ผู้อื่นใช้ เพราะอาจตกเป็นผู้ต้องหาในคดีบัญชีม้าที่ใช้รับโอนเงินจากการหลอกลวง ซึ่งมีโทษทั้งจำและปรับ,crime,neutral
คดีลอบวางเพลิงโรงเก็บสินค้า พบเบาะแสผู้ก่อเหตุ,เจ้าหน้าที่ตรวจที่เกิดเหตุเพลิงไหม้โรงเก็บสินค้าและพบร่องรอยการลอบวางเพลิง อยู่ระหว่างติดตามผู้ต้องสงสัยจากภาพวงจรปิดในบริเวณใกล้เคียง เจ้าของกิจการเสียหายหลายล้านบาท,crime,negative
ตำรวจร่วมชุมชนอบรมป้องกันภัยไซเบอร์ให้ผู้สูงอายุ,เจ้าหน้าที่ตำรวจจัดอบรมให้ความรู้ผู้สูงอายุเรื่องการป้องกันการหลอกลวงทางออนไลน์ ผู้เข้าร่วมกว่า 300 คนได้เรียนรู้วิธีสังเกตข้อความหลอกลวงและช่องทางแจ้งเหตุที่ถูกต้อง,crime,positive
สภาผ่านร่างกฎหมายงบประมาณวาระแรก ด้วยเสียงข้างมาก,ที่ประชุมสภาลงมติรับหลักการร่างพระราชบัญญัติงบประมาณรายจ่ายประจำปีในวาระแรกด้วยเสียงข้างมาก และตั้งคณะกรรมาธิการวิสามัญเพื่อพิจารณารายละเอียดต่อไป,politics,neutral
ฝ่ายค้านยื่นอภิปรายไม่ไว้วางใจรัฐมนตรี 3 คน,พรรคฝ่ายค้านยื่นญัตติขออภิปรายไม่ไว้วางใจรัฐมนตรีจำนวน 3 คน โดยระบุประเด็นการบริหารงานที่ขาดประสิทธิภาพ ประธานสภานัดวันอภิปรายในสัปดาห์หน้า,politics,negative
รัฐบาลแถลงนโยบายเร่งด่วน เน้นแก้ปัญหาค่าครองชีพ,รัฐบาลแถลงนโยบายเร่งด่วนต่อที่ประชุมสภา โดยให้ความสำคัญกับการลดภาระค่าครองชีพและการกระตุ้นเศรษฐกิจฐานราก พร้อมกำหนดกรอบเวลาการดำเนินงานภายในหกเดือน,politics,neutral
ประชาชนรวมตัวชุมนุมเรียกร้องแก้กฎหมายเลือกตั้ง,กลุ่มประชาชนรวมตัวชุมนุมบริเวณหน้าอาคารรัฐสภาเพื่อเรียกร้องให้แก้ไขกฎหมายเลือกตั้ง การชุมนุมเป็นไปด้วยความสงบและเจ้าหน้าที่ดูแลความปลอดภัยตามปกติ,politics,neutral
ผลสำรวจชี้คะแนนนิยมรัฐบาลลดลงต่อเนื่อง,สำนักวิจัยเผยผลสำรวจความคิดเห็นพบว่าคะแนนความนิยมของรัฐบาลลดลงต่อเนื่องเป็นไตรมาสที่สาม โดยผู้ตอบส่วนใหญ่ระบุเหตุผลเรื่องปัญหาเศรษฐกิจและราคาสินค้า,politics,negative
คณะกรรมการเลือกตั้งประกาศวันเลือกตั้งท้องถิ่น,คณะกรรมการการเลือกตั้งประกาศกำหนดวันเลือกตั้งสมาชิกสภาท้องถิ่นและผู้บริหารท้องถิ่น พร้อมเปิดรับสมัครผู้ประสงค์ลงรับเลือกตั้งตามกรอบเวลาที่กำหนด,politics,neutral
สองพรรคบรรลุข้อตกลงร่วมรัฐบาล เดินหน้านโยบายร่วม,ตัวแทนสองพรรคการเมืองแถลงร่วมกันว่าบรรลุข้อตกลงในการร่วมจัดตั้งรัฐบาล พร้อมเปิดเผยกรอบนโยบายที่จะผลักดันร่วมกัน นักวิเคราะห์มองว่าช่วยลดความไม่แน่นอนทางการเมือง,politics,positive
ร่างกฎหมายกระจายอำนาจผ่านวาระสุดท้าย,ที่ประชุมสภาเห็นชอบร่างกฎหมายกระจายอำนาจให้องค์กรปกครองส่วนท้องถิ่นในวาระสุดท้าย ซึ่งจะเพิ่มอำนาจการบริหารงบประมาณของท้องถิ่น หลายฝ่ายมองว่าเป็นก้าวสำคัญ,politics,positive
เกิดความขัดแย้งในพรรคร่วม หลังไม่ลงตัวเรื่องตำแหน่ง,ปรากฏความขัดแย้งภายในพรรคร่วมรัฐบาลหลังการจัดสรรตำแหน่งไม่เป็นที่พอใจของบางกลุ่ม แกนนำพรรคยืนยันว่าจะหาข้อยุติภายในและไม่กระทบเสถียรภาพรัฐบาล,politics,negative
นายกรัฐมนตรีลงพื้นที่ติดตามโครงการน้ำ,นายกรัฐมนตรีลงพื้นที่ตรวจติดตามความคืบหน้าโครงการบริหารจัดการน้ำในภาคตะวันออกเฉียงเหนือ และรับฟังข้อเสนอจากตัวแทนเกษตรกรในพื้นที่,politics,neutral
สภาตั้งกรรมาธิการสอบข้อเท็จจริงโครงการก่อสร้าง,ที่ประชุมสภามีมติตั้งคณะกรรมาธิการเพื่อสอบข้อเท็จจริงเกี่ยวกับความล่าช้าและงบประมาณของโครงการก่อสร้างขนาดใหญ่ โดยกำหนดกรอบเวลารายงานผลภายใน 90 วัน,politics,neutral
เปิดเผยบัญชีทรัพย์สินนักการเมือง ตามกฎหมายกำหนด,หน่วยงานที่รับผิดชอบเปิดเผยบัญชีแสดงรายการทรัพย์สินและหนี้สินของผู้ดำรงตำแหน่งทางการเมืองตามที่กฎหมายกำหนด เพื่อให้ประชาชนตรวจสอบได้อย่างโปร่งใส,politics,neutral
รัฐบาลถอนร่างกฎหมายหลังถูกคัดค้านอย่างกว้างขวาง,รัฐบาลตัดสินใจถอนร่างกฎหมายฉบับหนึ่งออกจากการพิจารณา หลังได้รับเสียงคัดค้านจากภาคประชาสังคมและนักวิชาการอย่างกว้างขวาง โดยระบุว่าจะนำไปปรับปรุงและรับฟังความเห็นเพิ่มเติม,politics,neutral
ผู้ว่าราชการจังหวัดใหม่เข้ารับตำแหน่ง เร่งสางปัญหาค้างท่อ,ผู้ว่าราชการจังหวัดที่ได้รับการแต่งตั้งใหม่เข้ารับตำแหน่งและประกาศเร่งแก้ปัญหาที่ค้างคา ทั้งเรื่องที่ดินทำกินและระบบสาธารณูปโภคในพื้นที่ห่างไกล,politics,neutral
การเจรจาระหว่างรัฐบาลและตัวแทนเกษตรกรได้ข้อยุติ,หลังการเจรจาหลายรอบ รัฐบาลและตัวแทนกลุ่มเกษตรกรบรรลุข้อตกลงเรื่องมาตรการช่วยเหลือราคาผลผลิต กลุ่มผู้ชุมนุมประกาศยุติการชุมนุมและเดินทางกลับภูมิลำเนา,politics,positive
ส.ส. เสนอแก้กฎหมายเพิ่มโทษทุจริต,สมาชิกสภาผู้แทนราษฎรกลุ่มหนึ่งเสนอร่างแก้ไขกฎหมายเพื่อเพิ่มบทลงโทษความผิดฐานทุจริตต่อหน้าที่ โดยระบุว่าบทลงโทษเดิมไม่สอดคล้องกับความเสียหายที่เกิดขึ้น,politics,neutral
เวทีรับฟังความเห็นประชาชนเรื่องผังเมือง,หน่วยงานจัดเวทีรับฟังความคิดเห็นประชาชนเกี่ยวกับการปรับปรุงผังเมืองรวม มีผู้เข้าร่วมกว่า 400 คน ส่วนใหญ่แสดงความกังวลเรื่องการเปลี่ยนแปลงการใช้ประโยชน์ที่ดิน,politics,neutral
รัฐบาลประกาศเพิ่มงบประมาณด้านสาธารณสุขร้อยละ 8,รัฐบาลประกาศเพิ่มงบประมาณด้านสาธารณสุขในปีงบประมาณหน้าร้อยละ 8 เพื่อขยายบริการในพื้นที่ห่างไกลและเพิ่มบุคลากร บุคลากรทางการแพทย์แสดงความยินดีต่อมาตรการนี้,politics,positive
ศาลรัฐธรรมนูญรับคำร้องตีความอำนาจหน้าที่,ศาลรัฐธรรมนูญมีมติรับคำร้องขอให้วินิจฉัยประเด็นการตีความอำนาจหน้าที่ขององค์กรตามรัฐธรรมนูญไว้พิจารณา และกำหนดให้ผู้เกี่ยวข้องส่งคำชี้แจงภายในกำหนด,politics,neutral
สภาถกเถียงเดือดเรื่องงบกลาง ประชุมยืดเยื้อถึงดึก,การประชุมสภาเพื่อพิจารณางบกลางเป็นไปอย่างเข้มข้น มีการอภิปรายโต้แย้งกันหลายชั่วโมงจนต้องขยายเวลาประชุมถึงช่วงกลางคืน ก่อนที่ประชุมจะลงมติในที่สุด,politics,neutral
ประชาชนพอใจบริการรัฐผ่านระบบออนไลน์เพิ่มขึ้น,ผลสำรวจความพึงพอใจต่อบริการภาครัฐพบว่าคะแนนเพิ่มขึ้นอย่างชัดเจนหลังหน่วยงานย้ายบริการหลายอย่างไปสู่ระบบออนไลน์ ผู้ตอบระบุว่าลดเวลาและค่าใช้จ่ายในการเดินทาง,politics,positive
ฝ่ายค้านตั้งข้อสังเกตการใช้งบประชาสัมพันธ์,พรรคฝ่ายค้านตั้งข้อสังเกตต่อการใช้งบประมาณด้านประชาสัมพันธ์ของหน่วยงานรัฐที่เพิ่มขึ้นมาก และขอให้ชี้แจงรายละเอียดการใช้จ่ายต่อคณะกรรมาธิการ,politics,negative
รัฐมนตรีลาออกจากตำแหน่ง อ้างเหตุผลส่วนตัว,รัฐมนตรีรายหนึ่งยื่นหนังสือลาออกจากตำแหน่งโดยระบุเหตุผลส่วนตัว นายกรัฐมนตรีรับทราบและจะเสนอชื่อผู้ดำรงตำแหน่งแทนตามขั้นตอนต่อไป,politics,neutral
เปิดตัวพรรคการเมืองใหม่ ชูนโยบายด้านสิ่งแวดล้อม,กลุ่มนักกิจกรรมและนักวิชาการเปิดตัวพรรคการเมืองใหม่ โดยชูนโยบายด้านสิ่งแวดล้อมและการจัดการทรัพยากรเป็นวาระหลัก และประกาศส่งผู้สมัครในการเลือกตั้งครั้งหน้า,politics,neutral
การเลือกตั้งท้องถิ่นมีผู้มาใช้สิทธิสูงเป็นประวัติการณ์,การเลือกตั้งท้องถิ่นครั้งนี้มีผู้มาใช้สิทธิเลือกตั้งสูงถึงร้อยละ 78 ซึ่งเป็นสถิติสูงสุดในรอบหลายปี คณะกรรมการการเลือกตั้งระบุว่าการลงคะแนนเป็นไปด้วยความเรียบร้อย,politics,positive
เกิดข้อพิพาทเรื่องเขตเลือกตั้ง ผู้สมัครยื่นคัดค้าน,ผู้สมัครรับเลือกตั้งกลุ่มหนึ่งยื่นคัดค้านการแบ่งเขตเลือกตั้ง โดยระบุว่าไม่สอดคล้องกับจำนวนประชากรในพื้นที่ หน่วยงานที่รับผิดชอบรับเรื่องไว้พิจารณา,politics,negative
รัฐบาลลงนามความร่วมมือกับต่างประเทศด้านพลังงาน,รัฐบาลลงนามบันทึกความเข้าใจกับรัฐบาลต่างประเทศเพื่อร่วมมือด้านพลังงานสะอาด ครอบคลุมการถ่ายทอดเทคโนโลยีและการลงทุนในโครงการนำร่อง,politics,positive
กรรมาธิการเผยผลสอบ พบข้อบกพร่องการจัดซื้อ,คณะกรรมาธิการแถลงผลการตรวจสอบและระบุว่าพบข้อบกพร่องในกระบวนการจัดซื้อจัดจ้างของหน่วยงานหนึ่ง โดยเสนอให้หน่วยงานต้นสังกัดดำเนินการทางวินัยและปรับปรุงระเบียบ,politics,negative
เปิดรับฟังความเห็นร่างกฎหมายข้อมูลส่วนบุคคลฉบับแก้ไข,หน่วยงานเปิดรับฟังความคิดเห็นต่อร่างแก้ไขกฎหมายคุ้มครองข้อมูลส่วนบุคคลผ่านช่องทางออนไลน์เป็นเวลา 30 วัน เพื่อนำความเห็นไปประกอบการปรับปรุงร่างกฎหมาย,politics,neutral
สมาชิกสภาท้องถิ่นถูกร้องเรียนเรื่องขาดประชุม,ประชาชนในพื้นที่ยื่นร้องเรียนสมาชิกสภาท้องถิ่นบางรายที่ขาดการประชุมต่อเนื่องหลายครั้ง หน่วยงานกำกับดูแลรับเรื่องและจะตรวจสอบตามระเบียบที่เกี่ยวข้อง,politics,negative
ครบรอบหนึ่งปีรัฐบาล เปิดรายงานผลการดำเนินงาน,รัฐบาลเปิดเผยรายงานผลการดำเนินงานในรอบหนึ่งปี ระบุความคืบหน้าของนโยบายเรือธงและงบประมาณที่เบิกจ่ายไปแล้ว ขณะที่นักวิชาการเสนอให้เพิ่มตัวชี้วัดที่จับต้องได้,politics,neutral
เจรจาระหว่างสองพรรคล่ม ไม่สามารถตั้งรัฐบาลร่วมได้,การเจรจาจัดตั้งรัฐบาลร่วมระหว่างสองพรรคไม่สามารถบรรลุข้อตกลง หลังมีความเห็นต่างในประเด็นนโยบายสำคัญ ทำให้สถานการณ์ทางการเมืองยังไม่มีความชัดเจน,politics,negative
รัฐบาลประกาศมาตรการช่วยเหลือผู้มีรายได้น้อยรอบใหม่,รัฐบาลประกาศมาตรการช่วยเหลือค่าใช้จ่ายสำหรับผู้มีรายได้น้อยรอบใหม่ ครอบคลุมค่าไฟฟ้าและค่าเดินทาง โดยเริ่มมีผลตั้งแต่เดือนหน้าเป็นระยะเวลาหกเดือน,politics,positive
ที่ประชุมคณะรัฐมนตรีเห็นชอบแผนพัฒนาระบบราง,คณะรัฐมนตรีมีมติเห็นชอบแผนพัฒนาระบบขนส่งทางรางระยะกลาง ครอบคลุมการปรับปรุงเส้นทางเดิมและการศึกษาความเป็นไปได้ของเส้นทางใหม่ในภูมิภาค,politics,neutral
ผู้ตรวจการแผ่นดินรับเรื่องร้องเรียนบริการภาครัฐ,ผู้ตรวจการแผ่นดินรับเรื่องร้องเรียนเกี่ยวกับความล่าช้าของบริการภาครัฐในหลายหน่วยงาน และจะเสนอแนะแนวทางปรับปรุงกระบวนการทำงานให้รวดเร็วขึ้น,politics,neutral
เวทีดีเบตผู้สมัครผู้ว่าฯ ประชาชนให้ความสนใจมาก,เวทีดีเบตระหว่างผู้สมัครรับเลือกตั้งผู้ว่าราชการมีประชาชนรับชมผ่านช่องทางออนไลน์กว่าห้าแสนครั้ง ผู้จัดระบุว่าสะท้อนความตื่นตัวทางการเมืองของประชาชน,politics,positive
งบประมาณเบิกจ่ายล่าช้ากว่าเป้า หน่วยงานเร่งแก้,สำนักงบประมาณรายงานว่าการเบิกจ่ายงบลงทุนล่าช้ากว่าเป้าหมายที่กำหนด หน่วยงานที่เกี่ยวข้องได้รับการกำชับให้เร่งรัดกระบวนการจัดซื้อจัดจ้างให้เร็วขึ้น,politics,negative
สภาเห็นชอบตั้งกองทุนช่วยเหลือผู้ประสบภัย,ที่ประชุมสภาเห็นชอบการจัดตั้งกองทุนช่วยเหลือผู้ประสบภัยพิบัติ เพื่อให้การจ่ายเงินเยียวยาเป็นไปอย่างรวดเร็วและมีเกณฑ์ที่ชัดเจนกว่าเดิม,politics,positive
พรรคการเมืองเปิดนโยบายด้านการศึกษาก่อนเลือกตั้ง,พรรคการเมืองหลายพรรคเริ่มเปิดเผยนโยบายด้านการศึกษาก่อนการเลือกตั้ง โดยเน้นเรื่องการลดภาระค่าใช้จ่ายผู้ปกครองและการพัฒนาคุณภาพครู,politics,neutral
เกิดการประท้วงคัดค้านโครงการรัฐในพื้นที่,ชาวบ้านในพื้นที่รวมตัวคัดค้านโครงการของรัฐที่อาจกระทบวิถีชีวิตและแหล่งทำกิน ตัวแทนหน่วยงานลงพื้นที่รับฟังและรับปากจะทบทวนรายงานผลกระทบอีกครั้ง,politics,negative
รัฐบาลตั้งคณะทำงานแก้ปัญหาหนี้ครัวเรือน,รัฐบาลตั้งคณะทำงานเฉพาะกิจเพื่อจัดการปัญหาหนี้ครัวเรือนที่อยู่ในระดับสูง โดยจะประสานสถาบันการเงินออกมาตรการปรับโครงสร้างหนี้ให้ครอบคลุมมากขึ้น,politics,neutral
ผลการนับคะแนนเป็นไปด้วยความเรียบร้อย ไม่มีเรื่องร้องเรียน,คณะกรรมการการเลือกตั้งรายงานว่าการนับคะแนนในทุกเขตเป็นไปด้วยความเรียบร้อย และไม่มีเรื่องร้องเรียนเกี่ยวกับการทุจริตการเลือกตั้งในภาพรวม,politics,positive
อดีตผู้บริหารท้องถิ่นถูกชี้มูลความผิดวินัยร้ายแรง,หน่วยงานตรวจสอบชี้มูลความผิดวินัยร้ายแรงต่ออดีตผู้บริหารองค์กรปกครองส่วนท้องถิ่น กรณีอนุมัติโครงการโดยไม่เป็นไปตามระเบียบ และส่งเรื่องให้ดำเนินการตามขั้นตอน,politics,negative
เดินหน้าปรับปรุงกฎหมายเพื่อลดขั้นตอนราชการ,รัฐบาลเดินหน้าแผนปรับปรุงกฎหมายและระเบียบที่ล้าสมัย เพื่อลดขั้นตอนการขออนุญาตของประชาชนและผู้ประกอบการ คาดว่าจะยกเลิกใบอนุญาตที่ไม่จำเป็นได้หลายร้อยรายการ,politics,positive
สภาผ่านกฎหมายเพิ่มสิทธิลาคลอด,ที่ประชุมสภาลงมติเห็นชอบร่างกฎหมายขยายสิทธิการลาคลอดและเพิ่มสิทธิลาของคู่สมรส ซึ่งจะมีผลบังคับใช้ในปีหน้า ภาคแรงงานแสดงความยินดีต่อความคืบหน้านี้,politics,positive
การอภิปรายจบลงโดยไม่มีการลงมติ,การอภิปรายทั่วไปในสภาสิ้นสุดลงโดยไม่มีการลงมติตามข้อบังคับ ทั้งฝ่ายรัฐบาลและฝ่ายค้านต่างแถลงสรุปจุดยืนของตนต่อสื่อมวลชนหลังการประชุม,politics,neutral
เสียงข้างมากในสภาโหวตคว่ำร่างกฎหมายฝ่ายค้าน,ที่ประชุมสภาลงมติไม่รับหลักการร่างกฎหมายที่เสนอโดยพรรคฝ่ายค้าน ผู้เสนอระบุว่าจะนำไปปรับปรุงและเสนอใหม่ในสมัยประชุมถัดไป,politics,negative
หน่วยงานเปิดข้อมูลงบประมาณแบบเปิดให้ประชาชนตรวจสอบ,หน่วยงานรัฐเปิดเผยข้อมูลการใช้งบประมาณในรูปแบบข้อมูลเปิดที่ประชาชนเข้าถึงและวิเคราะห์ได้ องค์กรภาคประชาสังคมชื่นชมว่าเป็นก้าวสำคัญด้านความโปร่งใส,politics,positive
ประชุมร่วมสองสภาเลื่อนออกไป เพราะองค์ประชุมไม่ครบ,การประชุมร่วมกันของสองสภาต้องเลื่อนออกไป เนื่องจากจำนวนสมาชิกที่มาลงชื่อไม่ครบองค์ประชุม ประธานนัดประชุมใหม่ในสัปดาห์ถัดไป,politics,negative
รัฐบาลรายงานความคืบหน้าการแก้ปัญหาที่ดินทำกิน,รัฐบาลรายงานความคืบหน้าการจัดสรรที่ดินทำกินให้เกษตรกรไร้ที่ดิน โดยดำเนินการแล้วในหลายจังหวัด และตั้งเป้าขยายพื้นที่ดำเนินการเพิ่มในปีถัดไป,politics,neutral
ตลาดหุ้นไทยปรับตัวเพิ่มขึ้นหลังนักลงทุนคลายกังวล,ดัชนีตลาดหลักทรัพย์ไทยปิดบวกต่อเนื่องเป็นวันที่สาม หลังนักลงทุนคลายความกังวลเรื่องทิศทางดอกเบี้ย มูลค่าการซื้อขายเพิ่มขึ้นจากวันก่อนหน้าอย่างชัดเจน,economy,positive
เงินเฟ้อเดือนล่าสุดชะลอตัวลงเหลือร้อยละ 1.2,สำนักงานนโยบายและยุทธศาสตร์การค้ารายงานอัตราเงินเฟ้อทั่วไปชะลอตัวลงเหลือร้อยละ 1.2 จากราคาพลังงานที่ลดลง นักเศรษฐศาสตร์มองว่าเป็นสัญญาณที่ดีต่อกำลังซื้อของครัวเรือน,economy,positive
ค่าครองชีพพุ่ง ประชาชนสะท้อนรายได้ไม่พอรายจ่าย,ผลสำรวจพบว่าประชาชนส่วนใหญ่ระบุว่ารายได้ไม่เพียงพอกับค่าใช้จ่ายที่เพิ่มขึ้น โดยเฉพาะค่าอาหารสดและค่าเดินทาง หลายครัวเรือนต้องลดค่าใช้จ่ายด้านอื่นลง,economy,negative
ธนาคารกลางคงอัตราดอกเบี้ยนโยบายไว้ที่ระดับเดิม,คณะกรรมการนโยบายการเงินมีมติคงอัตราดอกเบี้ยนโยบายไว้ที่ระดับเดิม โดยระบุว่าต้องการติดตามผลของมาตรการที่ดำเนินไปแล้วก่อนตัดสินใจปรับเปลี่ยน,economy,neutral
การส่งออกขยายตัวร้อยละ 4.5 สูงกว่าที่คาด,มูลค่าการส่งออกของไทยขยายตัวร้อยละ 4.5 สูงกว่าที่นักวิเคราะห์คาดการณ์ไว้ โดยกลุ่มสินค้าเกษตรและอิเล็กทรอนิกส์เป็นแรงหนุนหลัก ผู้ประกอบการแสดงความเชื่อมั่นเพิ่มขึ้น,economy,positive
เงินบาทอ่อนค่าลงแตะระดับต่ำสุดในรอบ 6 เดือน,ค่าเงินบาทอ่อนค่าลงแตะระดับต่ำสุดในรอบหกเดือนเทียบดอลลาร์ จากเงินทุนไหลออกและทิศทางดอกเบี้ยต่างประเทศ ผู้นำเข้าได้รับผลกระทบด้านต้นทุน,economy,negative
ราคาน้ำมันดีเซลปรับลดลง 50 สตางค์ต่อลิตร,ผู้ค้าน้ำมันประกาศปรับลดราคาน้ำมันดีเซลลง 50 สตางค์ต่อลิตร มีผลตั้งแต่เวลา 05.00 น. ของวันรุ่งขึ้น ผู้ประกอบการขนส่งระบุว่าช่วยลดต้นทุนได้บางส่วน,economy,positive
หนี้ครัวเรือนยังอยู่ในระดับสูงน่ากังวล,ธนาคารแห่งประเทศไทยรายงานว่าสัดส่วนหนี้ครัวเรือนต่อจีดีพียังอยู่ในระดับสูง ซึ่งเป็นข้อจำกัดสำคัญต่อการฟื้นตัวของการบริโภคภาคเอกชนในระยะต่อไป,economy,negative
จีดีพีไตรมาสล่าสุดขยายตัวร้อยละ 2.8,สภาพัฒน์รายงานว่าเศรษฐกิจไทยในไตรมาสล่าสุดขยายตัวร้อยละ 2.8 โดยได้แรงหนุนจากภาคการท่องเที่ยวและการบริโภคภาคเอกชน ขณะที่การลงทุนภาครัฐยังชะลอตัว,economy,neutral
ราคาสินค้าอุปโภคบริโภคปรับขึ้นหลายรายการ,ผู้ผลิตสินค้าอุปโภคบริโภคหลายรายปรับขึ้นราคาสินค้าตามต้นทุนวัตถุดิบและค่าขนส่ง กรมการค้าภายในระบุว่าจะติดตามการปรับราคาอย่างใกล้ชิดเพื่อไม่ให้กระทบผู้บริโภคเกินสมควร,economy,negative
นักท่องเที่ยวต่างชาติเข้าไทยเพิ่มขึ้นร้อยละ 15,จำนวนนักท่องเที่ยวต่างชาติที่เดินทางเข้าไทยเพิ่มขึ้นร้อยละ 15 เทียบกับช่วงเดียวกันของปีก่อน สร้างรายได้เข้าประเทศเพิ่มขึ้นอย่างมีนัยสำคัญ ผู้ประกอบการโรงแรมเตรียมขยายบริการ,economy,positive
กำลังซื้อในต่างจังหวัดยังฟื้นตัวช้า,ผู้ประกอบการค้าปลีกในต่างจังหวัดรายงานว่ากำลังซื้อยังฟื้นตัวช้ากว่าในเขตเมือง โดยเฉพาะในพื้นที่ที่พึ่งพารายได้ภาคเกษตร ซึ่งได้รับผลจากราคาผลผลิตที่ผันผวน,economy,negative
ธนาคารปรับขึ้นดอกเบี้ยเงินฝากประจำ,สถาบันการเงินหลายแห่งประกาศปรับขึ้นอัตราดอกเบี้ยเงินฝากประจำ เพื่อระดมเงินฝากและตอบรับทิศทางดอกเบี้ยนโยบาย ผู้ฝากเงินระยะยาวได้รับประโยชน์จากการปรับครั้งนี้,economy,positive
ดัชนีความเชื่อมั่นผู้บริโภคปรับลดลงเป็นเดือนที่ 3,ศูนย์วิจัยรายงานว่าดัชนีความเชื่อมั่นผู้บริโภคปรับลดลงต่อเนื่องเป็นเดือนที่สาม สาเหตุหลักมาจากความกังวลเรื่องค่าครองชีพและความไม่แน่นอนของรายได้,economy,negative
ค่าแรงขั้นต่ำปรับขึ้นในหลายจังหวัด,คณะกรรมการค่าจ้างมีมติปรับขึ้นค่าแรงขั้นต่ำในหลายจังหวัด โดยมีผลตั้งแต่ต้นปีหน้า แรงงานแสดงความยินดี ขณะที่ผู้ประกอบการขนาดเล็กขอให้มีมาตรการช่วยเหลือควบคู่,economy,neutral
การลงทุนภาคเอกชนขยายตัวหลังความเชื่อมั่นดีขึ้น,ตัวเลขการขออนุญาตลงทุนใหม่เพิ่มขึ้นอย่างชัดเจนหลังความเชื่อมั่นทางธุรกิจปรับดีขึ้น โดยเฉพาะในกลุ่มอุตสาหกรรมยานยนต์ไฟฟ้าและอิเล็กทรอนิกส์,economy,positive
ราคาผลผลิตเกษตรตกต่ำ เกษตรกรเดือดร้อน,ราคาผลผลิตเกษตรหลายชนิดปรับตัวลดลงจากผลผลิตที่ออกมาพร้อมกัน ทำให้เกษตรกรขาดทุนและเรียกร้องให้รัฐเข้าช่วยเหลือด้านการรับซื้อและการกระจายผลผลิต,economy,negative
เศรษฐกิจดิจิทัลโตต่อเนื่อง มูลค่าแตะระดับใหม่,รายงานเศรษฐกิจดิจิทัลระบุว่ามูลค่าธุรกรรมออนไลน์ในประเทศเติบโตต่อเนื่องและแตะระดับสูงสุดใหม่ โดยการชำระเงินผ่านมือถือเป็นปัจจัยขับเคลื่อนสำคัญ,economy,positive
ดุลบัญชีเดินสะพัดกลับมาเกินดุล,ธนาคารแห่งประเทศไทยรายงานว่าดุลบัญชีเดินสะพัดกลับมาเกินดุล จากรายได้ภาคการท่องเที่ยวและการส่งออกที่ปรับดีขึ้น ช่วยเสริมเสถียรภาพด้านต่างประเทศ,economy,positive
ต้นทุนพลังงานสูงกดดันภาคการผลิต,ผู้ประกอบการภาคการผลิตระบุว่าต้นทุนพลังงานที่อยู่ในระดับสูงกดดันอัตรากำไร และอาจต้องส่งผ่านไปยังราคาสินค้า หากสถานการณ์ยังไม่คลี่คลายในระยะสั้น,economy,negative
อัตราการว่างงานลดลงเหลือร้อยละ 1.0,สำนักงานสถิติแห่งชาติรายงานอัตราการว่างงานลดลงเหลือร้อยละ 1.0 ซึ่งเป็นระดับต่ำที่สุดในรอบหลายไตรมาส สะท้อนการจ้างงานที่ฟื้นตัวในภาคบริการ,economy,positive
ภาคอสังหาริมทรัพย์ชะลอตัว ยอดโอนลดลง,ยอดการโอนกรรมสิทธิ์ที่อยู่อาศัยลดลงจากช่วงเดียวกันของปีก่อน จากภาวะดอกเบี้ยและความเข้มงวดในการปล่อยสินเชื่อ ผู้ประกอบการปรับแผนเปิดโครงการใหม่ให้ช้าลง,economy,negative
รัฐเปิดมาตรการลดหย่อนภาษีกระตุ้นการใช้จ่าย,กระทรวงการคลังประกาศมาตรการลดหย่อนภาษีสำหรับการใช้จ่ายในประเทศ เพื่อกระตุ้นการบริโภคในช่วงปลายปี คาดว่าจะมีเงินหมุนเวียนเข้าระบบเศรษฐกิจหลายหมื่นล้านบาท,economy,positive
ราคาทองคำในประเทศปรับตัวสูงขึ้น,ราคาทองคำในประเทศปรับตัวสูงขึ้นตามตลาดโลก จากความต้องการสินทรัพย์ปลอดภัยที่เพิ่มขึ้น ร้านทองรายงานว่ามีผู้เข้ามาขายทำกำไรเพิ่มขึ้นในช่วงนี้,economy,neutral
เงินลงทุนต่างชาติไหลออกจากตลาดพันธบัตร,ตลาดพันธบัตรไทยเผชิญแรงขายจากนักลงทุนต่างชาติต่อเนื่อง ตามทิศทางอัตราผลตอบแทนในตลาดโลก ผู้ดูแลตลาดระบุว่าสภาพคล่องยังอยู่ในระดับที่บริหารจัดการได้,economy,negative
ผู้ประกอบการเอสเอ็มอีเข้าถึงสินเชื่อได้มากขึ้น,ธนาคารรัฐรายงานว่าผู้ประกอบการขนาดกลางและขนาดย่อมเข้าถึงสินเชื่อได้มากขึ้นหลังปรับเกณฑ์ค้ำประกัน ช่วยให้ธุรกิจมีสภาพคล่องสำหรับการดำเนินงาน,economy,positive
ค่าไฟฟ้างวดใหม่ปรับขึ้น ประชาชนกังวลภาระ,คณะกรรมการกำกับกิจการพลังงานประกาศค่าไฟฟ้างวดใหม่ปรับขึ้นเล็กน้อยตามต้นทุนเชื้อเพลิง ประชาชนแสดงความกังวลต่อภาระค่าใช้จ่ายในครัวเรือนที่เพิ่มขึ้น,economy,negative
การท่องเที่ยวในประเทศคึกคักช่วงวันหยุดยาว,ภาคการท่องเที่ยวรายงานว่ามีการเดินทางในประเทศคึกคักในช่วงวันหยุดยาว อัตราการเข้าพักโรงแรมในเมืองท่องเที่ยวหลักเพิ่มขึ้นเกือบเต็มความจุ,economy,positive
เศรษฐกิจภาคเกษตรได้ผลดีจากปริมาณน้ำเพียงพอ,กระทรวงเกษตรและสหกรณ์ประเมินว่าผลผลิตทางการเกษตรปีนี้จะออกมาดี เนื่องจากปริมาณน้ำในเขื่อนอยู่ในระดับเพียงพอ ส่งผลดีต่อรายได้เกษตรกรในภาพรวม,economy,positive
ตลาดหุ้นปรับตัวลงแรงตามตลาดต่างประเทศ,ดัชนีตลาดหลักทรัพย์ปรับตัวลงแรงตามทิศทางตลาดต่างประเทศ จากความกังวลเรื่องการเติบโตของเศรษฐกิจโลก นักลงทุนสถาบันเป็นฝ่ายขายสุทธิ,economy,negative
ยอดจดทะเบียนธุรกิจใหม่เพิ่มขึ้นต่อเนื่อง,กรมพัฒนาธุรกิจการค้ารายงานยอดจดทะเบียนจัดตั้งธุรกิจใหม่เพิ่มขึ้นต่อเนื่อง โดยกลุ่มบริการและเทคโนโลยีมีสัดส่วนสูงสุด สะท้อนความเชื่อมั่นของผู้ประกอบการรุ่นใหม่,economy,positive
ต้นทุนขนส่งทางเรือปรับสูงขึ้น กระทบผู้ส่งออก,อัตราค่าระวางเรือปรับสูงขึ้นจากปัญหาเส้นทางเดินเรือ ทำให้ผู้ส่งออกมีต้นทุนเพิ่มและต้องเจรจาราคากับคู่ค้าใหม่ สภาผู้ส่งสินค้าทางเรือขอให้ภาครัฐช่วยเจรจา,economy,negative
เปิดตัวระบบชำระเงินข้ามประเทศ ลดค่าธรรมเนียม,ธนาคารกลางร่วมมือกับประเทศเพื่อนบ้านเปิดใช้ระบบชำระเงินข้ามประเทศแบบใหม่ ซึ่งช่วยลดค่าธรรมเนียมและเวลาโอนสำหรับผู้ประกอบการและนักท่องเที่ยว,economy,positive
ดัชนีผลผลิตอุตสาหกรรมทรงตัว,สำนักงานเศรษฐกิจอุตสาหกรรมรายงานว่าดัชนีผลผลิตอุตสาหกรรมทรงตัวจากเดือนก่อน โดยกลุ่มยานยนต์ปรับลดลงขณะที่กลุ่มอาหารแปรรูปขยายตัว,economy,neutral
ภาระค่าเช่าที่พุ่งสูงกระทบร้านค้ารายย่อย,ผู้ประกอบการร้านค้ารายย่อยในเขตเมืองระบุว่าค่าเช่าพื้นที่ปรับสูงขึ้นมาก ทำให้หลายรายต้องย้ายทำเลหรือปิดกิจการ สมาคมการค้าเรียกร้องให้มีมาตรการดูแล,economy,negative
รัฐเดินหน้าโครงการลงทุนโครงสร้างพื้นฐาน,คณะรัฐมนตรีอนุมัติการลงทุนโครงสร้างพื้นฐานหลายโครงการเพื่อกระตุ้นเศรษฐกิจในระยะกลาง ครอบคลุมระบบราง ถนน และระบบน้ำ คาดว่าจะสร้างการจ้างงานจำนวนมาก,economy,positive
ราคาปุ๋ยและอาหารสัตว์ยังทรงตัวในระดับสูง,ราคาปุ๋ยและอาหารสัตว์ยังทรงตัวในระดับสูงตามราคาวัตถุดิบนำเข้า ส่งผลให้ต้นทุนการผลิตของเกษตรกรและผู้เลี้ยงสัตว์ยังอยู่ในระดับที่กดดันกำไร,economy,negative
ส่งออกอาหารไทยทำสถิติใหม่,มูลค่าการส่งออกอาหารของไทยทำสถิติสูงสุดใหม่ จากความต้องการในตลาดเอเชียและตะวันออกกลาง ผู้ประกอบการเตรียมขยายกำลังการผลิตเพื่อรองรับคำสั่งซื้อ,economy,positive
สภาพคล่องในระบบการเงินยังอยู่ในระดับเพียงพอ,ธนาคารกลางยืนยันว่าสภาพคล่องในระบบการเงินยังอยู่ในระดับเพียงพอ และพร้อมดูแลความผันผวนหากจำเป็น เพื่อรักษาเสถียรภาพของระบบการชำระเงิน,economy,neutral
ธุรกิจร้านอาหารฟื้นตัวชัดเจนหลังนักท่องเที่ยวกลับมา,ผู้ประกอบการร้านอาหารในย่านท่องเที่ยวรายงานยอดขายฟื้นตัวชัดเจน หลังจำนวนนักท่องเที่ยวต่างชาติเพิ่มขึ้น หลายร้านเริ่มรับพนักงานเพิ่มเพื่อรองรับลูกค้า,economy,positive
เตือนความเสี่ยงเศรษฐกิจโลกกระทบการส่งออกไทย,นักเศรษฐศาสตร์เตือนว่าการชะลอตัวของเศรษฐกิจโลกอาจกระทบคำสั่งซื้อส่งออกของไทยในช่วงครึ่งปีหลัง และแนะให้ผู้ประกอบการกระจายตลาดเพื่อลดความเสี่ยง,economy,negative
ราคาค่าโดยสารสาธารณะคงเดิมอีกหนึ่งปี,หน่วยงานกำกับดูแลประกาศคงอัตราค่าโดยสารรถสาธารณะไว้เท่าเดิมอีกหนึ่งปี เพื่อบรรเทาภาระค่าเดินทางของประชาชน โดยจะทบทวนอีกครั้งเมื่อครบกำหนด,economy,positive
ผู้ประกอบการปรับตัวรับต้นทุนแรงงานที่สูงขึ้น,ผู้ประกอบการในภาคบริการเริ่มนำระบบอัตโนมัติมาช่วยลดภาระต้นทุนแรงงานที่ปรับสูงขึ้น พร้อมอบรมพนักงานให้ทำงานหลายทักษะเพื่อเพิ่มประสิทธิภาพ,economy,neutral
ยอดขายรถยนต์ในประเทศลดลงต่อเนื่อง,ยอดขายรถยนต์ในประเทศลดลงต่อเนื่องจากความเข้มงวดในการอนุมัติสินเชื่อและกำลังซื้อที่ยังไม่ฟื้น ค่ายรถหลายรายจัดแคมเปญกระตุ้นยอดขายในช่วงปลายปี,economy,negative
เศรษฐกิจฐานรากได้ประโยชน์จากโครงการชุมชน,โครงการส่งเสริมเศรษฐกิจฐานรากช่วยให้กลุ่มวิสาหกิจชุมชนมีรายได้เพิ่มขึ้น จากการพัฒนาสินค้าและช่องทางขายออนไลน์ หลายกลุ่มขยายกำลังผลิตได้เป็นครั้งแรก,economy,positive
อัตราผลตอบแทนพันธบัตรระยะยาวปรับขึ้น,อัตราผลตอบแทนพันธบัตรรัฐบาลระยะยาวปรับขึ้นตามทิศทางตลาดโลก นักวิเคราะห์ระบุว่าจะส่งผลต่อต้นทุนการระดมทุนของภาครัฐและเอกชนในระยะถัดไป,economy,neutral
ค่าเงินบาทแข็งค่าขึ้นหลังเงินทุนไหลกลับ,ค่าเงินบาทแข็งค่าขึ้นหลังมีเงินทุนต่างชาติไหลกลับเข้าตลาดทุนไทย ผู้ส่งออกแสดงความกังวลเรื่องความสามารถในการแข่งขันด้านราคา,economy,neutral
เปิดเผยตัวเลขความเหลื่อมล้ำด้านรายได้ลดลงเล็กน้อย,รายงานภาวะสังคมระบุว่าความเหลื่อมล้ำด้านรายได้ปรับลดลงเล็กน้อย จากมาตรการช่วยเหลือกลุ่มเปราะบางและการจ้างงานที่ดีขึ้นในภาคบริการ,economy,positive
ธุรกิจโลจิสติกส์ขยายตัวตามการค้าออนไลน์,ผู้ให้บริการโลจิสติกส์รายงานปริมาณการจัดส่งพัสดุเพิ่มขึ้นตามการเติบโตของการค้าออนไลน์ หลายรายลงทุนศูนย์กระจายสินค้าใหม่เพื่อรองรับความต้องการ,economy,positive
ภาวะเศรษฐกิจครึ่งปีหลังยังมีความไม่แน่นอนสูง,สถาบันวิจัยเศรษฐกิจประเมินว่าภาวะเศรษฐกิจในครึ่งปีหลังยังมีความไม่แน่นอนสูง จากปัจจัยต่างประเทศและกำลังซื้อในประเทศที่ฟื้นตัวไม่ทั่วถึง,economy,negative
บริษัทไทยเปิดตัวระบบเอไอสำหรับวิเคราะห์ข้อมูลธุรกิจ,บริษัทเทคโนโลยีไทยเปิดตัวระบบปัญญาประดิษฐ์สำหรับวิเคราะห์ข้อมูลธุรกิจขนาดกลาง โดยรองรับภาษาไทยได้อย่างสมบูรณ์ ผู้ใช้งานรุ่นทดลองระบุว่าช่วยลดเวลาทำรายงานได้มาก,technology,positive
เปิดตัวสมาร์ทโฟนรุ่นใหม่ เน้นกล้องและแบตเตอรี่,ผู้ผลิตสมาร์ทโฟนเปิดตัวรุ่นใหม่ในไทย จุดขายหลักคือระบบกล้องที่ปรับปรุงและแบตเตอรี่ที่ใช้งานได้นานขึ้น ราคาเริ่มต้นใกล้เคียงกับรุ่นก่อนหน้า,technology,neutral
นักวิจัยไทยพัฒนาโมเดลภาษาไทยแบบเปิด,คณะนักวิจัยจากสถาบันการศึกษาเผยแพร่โมเดลภาษาไทยแบบโอเพนซอร์ส ให้นักพัฒนานำไปใช้ได้ฟรี ซึ่งช่วยลดข้อจำกัดด้านทรัพยากรของนักพัฒนารายเล็ก,technology,positive
พบช่องโหว่ความปลอดภัยในซอฟต์แวร์ยอดนิยม,ทีมวิจัยความปลอดภัยเปิดเผยช่องโหว่ในซอฟต์แวร์ที่มีผู้ใช้จำนวนมาก ซึ่งอาจทำให้ผู้ไม่หวังดีเข้าถึงข้อมูลได้ ผู้พัฒนาออกแพตช์แก้ไขและแนะนำให้อัปเดตทันที,technology,negative
ระบบคลาวด์ล่ม กระทบผู้ใช้งานหลายพันราย,ผู้ให้บริการคลาวด์รายใหญ่ประสบปัญหาระบบขัดข้องเป็นเวลาหลายชั่วโมง ทำให้เว็บไซต์และแอปพลิเคชันของลูกค้าหลายพันรายใช้งานไม่ได้ บริษัทแจ้งสาเหตุและแผนป้องกัน,technology,negative
เปิดใช้เครือข่าย 5G ครอบคลุมพื้นที่ห่างไกล,ผู้ให้บริการโทรคมนาคมขยายเครือข่าย 5G ไปยังพื้นที่ห่างไกลเพิ่มเติม ทำให้ประชาชนเข้าถึงอินเทอร์เน็ตความเร็วสูงได้มากขึ้น โรงเรียนในพื้นที่ได้ประโยชน์ด้านการเรียนออนไลน์,technology,positive
เตือนภัยแอปพลิเคชันปลอมดูดข้อมูลผู้ใช้,หน่วยงานด้านไซเบอร์เตือนประชาชนระวังแอปพลิเคชันปลอมที่ขอสิทธิ์เข้าถึงข้อมูลเกินความจำเป็น ซึ่งอาจนำไปสู่การสูญเสียข้อมูลส่วนตัวและเงินในบัญชี,technology,negative
สตาร์ทอัพไทยพัฒนาหุ่นยนต์ช่วยงานคลังสินค้า,สตาร์ทอัพสัญชาติไทยพัฒนาหุ่นยนต์ลำเลียงสินค้าในคลัง โดยใช้ระบบนำทางอัตโนมัติ ลูกค้าอุตสาหกรรมระบุว่าช่วยลดเวลาหยิบสินค้าได้กว่าร้อยละ 30,technology,positive
หน่วยงานรัฐเปิดใช้ระบบยืนยันตัวตนดิจิทัล,หน่วยงานรัฐเริ่มใช้ระบบยืนยันตัวตนดิจิทัลสำหรับบริการออนไลน์ ทำให้ประชาชนไม่ต้องเดินทางไปยื่นเอกสารที่สำนักงาน ลดเวลาและค่าใช้จ่ายอย่างชัดเจน,technology,positive
ปัญหาข้อมูลรั่วไหลจากการตั้งค่าระบบผิดพลาด,ผู้เชี่ยวชาญพบว่าข้อมูลของผู้ใช้งานบางส่วนเข้าถึงได้จากภายนอกเนื่องจากการตั้งค่าระบบผิดพลาด เจ้าของระบบแก้ไขแล้วและแจ้งผู้ได้รับผลกระทบตามกฎหมาย,technology,negative
ราคาชิปประมวลผลปรับลดลงหลังกำลังผลิตเพิ่ม,ราคาชิปประมวลผลในตลาดโลกปรับลดลงหลังผู้ผลิตเพิ่มกำลังการผลิต ส่งผลดีต่อผู้ผลิตอุปกรณ์อิเล็กทรอนิกส์ที่มีต้นทุนลดลงในรอบหลายไตรมาส,technology,positive
ทดสอบระบบขับขี่อัตโนมัติในพื้นที่ปิด,หน่วยงานร่วมกับเอกชนทดสอบระบบขับขี่อัตโนมัติในพื้นที่ปิดเพื่อเก็บข้อมูลความปลอดภัย ก่อนพิจารณาขยายการทดสอบบนถนนจริงในอนาคต,technology,neutral
แพลตฟอร์มโซเชียลปรับอัลกอริทึมแสดงเนื้อหา,แพลตฟอร์มโซเชียลมีเดียประกาศปรับอัลกอริทึมการแสดงเนื้อหาใหม่ โดยระบุว่าจะลดการแสดงเนื้อหาที่ทำให้เข้าใจผิด ผู้สร้างเนื้อหาบางส่วนกังวลเรื่องการเข้าถึงผู้ชม,technology,neutral
เปิดตัวบริการแปลภาษาไทยด้วยเอไอที่แม่นยำขึ้น,ผู้ให้บริการเทคโนโลยีเปิดตัวระบบแปลภาษาไทยรุ่นใหม่ที่ใช้โมเดลขนาดใหญ่ ผลทดสอบพบว่าความแม่นยำในบริบทเฉพาะทางดีขึ้นชัดเจนกว่ารุ่นก่อน,technology,positive
ผู้ใช้ร้องเรียนอัปเดตใหม่ทำให้เครื่องช้าลง,ผู้ใช้งานจำนวนมากร้องเรียนว่าการอัปเดตระบบปฏิบัติการรุ่นล่าสุดทำให้อุปกรณ์ทำงานช้าลงและแบตเตอรี่หมดเร็ว ผู้พัฒนารับทราบและเตรียมออกอัปเดตแก้ไข,technology,negative
โรงพยาบาลนำเอไอช่วยอ่านภาพเอกซเรย์,โรงพยาบาลนำระบบปัญญาประดิษฐ์มาช่วยคัดกรองภาพเอกซเรย์ปอด ช่วยให้แพทย์จัดลำดับผู้ป่วยที่ต้องดูแลก่อนได้เร็วขึ้น โดยยังมีแพทย์เป็นผู้ตัดสินใจสุดท้าย,technology,positive
ค่าบริการอินเทอร์เน็ตบ้านปรับลดลงจากการแข่งขัน,การแข่งขันในตลาดอินเทอร์เน็ตบ้านทำให้ผู้ให้บริการปรับลดค่าบริการและเพิ่มความเร็วในแพ็กเกจเดิม ผู้บริโภคได้ประโยชน์จากตัวเลือกที่มากขึ้น,technology,positive
ระบบชำระเงินขัดข้องช่วงเทศกาล,ระบบชำระเงินออนไลน์ของผู้ให้บริการรายหนึ่งขัดข้องในช่วงเทศกาลที่มีธุรกรรมหนาแน่น ทำให้ร้านค้าและผู้ใช้ไม่สามารถทำรายการได้ชั่วคราว บริษัทออกมาขออภัย,technology,negative
เปิดสอนหลักสูตรวิทยาการข้อมูลออนไลน์ฟรี,หน่วยงานร่วมกับมหาวิทยาลัยเปิดหลักสูตรวิทยาการข้อมูลออนไลน์แบบไม่มีค่าใช้จ่าย มีผู้ลงทะเบียนเกินเป้าหมายในสัปดาห์แรก สะท้อนความต้องการทักษะด้านนี้,technology,positive
ถกเถียงเรื่องการใช้เอไอสร้างงานศิลปะ,วงการสร้างสรรค์ถกเถียงถึงขอบเขตการใช้ปัญญาประดิษฐ์สร้างผลงานศิลปะ ทั้งประเด็นลิขสิทธิ์และการให้เครดิต หน่วยงานที่เกี่ยวข้องเริ่มศึกษาแนวทางกำกับดูแล,technology,neutral
โดรนช่วยสำรวจพื้นที่เกษตรแม่นยำขึ้น,เกษตรกรเริ่มใช้โดรนสำรวจแปลงเพาะปลูกเพื่อประเมินสุขภาพพืชและวางแผนให้ปุ๋ยอย่างแม่นยำ ช่วยลดต้นทุนและเพิ่มผลผลิตในแปลงทดลอง,technology,positive
เตือนการใช้รหัสผ่านซ้ำเสี่ยงถูกเจาะบัญชี,ผู้เชี่ยวชาญด้านความปลอดภัยเตือนว่าการใช้รหัสผ่านเดียวกันหลายบริการทำให้เสี่ยงถูกเจาะบัญชีต่อเนื่อง แนะให้เปิดการยืนยันตัวตนสองขั้นตอนทุกบริการสำคัญ,technology,negative
อุปกรณ์สวมใส่ช่วยติดตามสุขภาพผู้สูงอายุ,ผู้พัฒนาเปิดตัวอุปกรณ์สวมใส่ที่ติดตามอัตราการเต้นหัวใจและการล้มของผู้สูงอายุ พร้อมแจ้งเตือนญาติทันที ครอบครัวผู้ใช้งานระบุว่าช่วยให้คลายความกังวล,technology,positive
ผู้ให้บริการปรับปรุงระบบหลังถูกโจมตีทางไซเบอร์,ผู้ให้บริการดิจิทัลรายหนึ่งเสริมความแข็งแรงของระบบหลังถูกโจมตีทางไซเบอร์ โดยยืนยันว่าข้อมูลผู้ใช้ไม่ได้รับความเสียหาย และเพิ่มการตรวจสอบอย่างต่อเนื่อง,technology,neutral
เปิดศูนย์ข้อมูลใหม่รองรับความต้องการคลาวด์,บริษัทเทคโนโลยีเปิดศูนย์ข้อมูลแห่งใหม่ในประเทศไทย รองรับความต้องการบริการคลาวด์ที่เติบโต และช่วยให้ข้อมูลของลูกค้าจัดเก็บภายในประเทศได้,technology,positive
ระบบจดจำใบหน้าถูกตั้งคำถามเรื่องความเป็นส่วนตัว,การนำระบบจดจำใบหน้ามาใช้ในพื้นที่สาธารณะถูกตั้งคำถามเรื่องความเป็นส่วนตัว องค์กรภาคประชาสังคมเรียกร้องให้กำหนดกรอบการใช้งานและระยะเวลาเก็บข้อมูลที่ชัดเจน,technology,negative
อัปเดตซอฟต์แวร์ปิดช่องโหว่ร้ายแรงสำเร็จ,ผู้พัฒนาปล่อยอัปเดตปิดช่องโหว่ร้ายแรงได้สำเร็จภายใน 48 ชั่วโมงหลังได้รับรายงาน ผู้เชี่ยวชาญชื่นชมความรวดเร็วในการแก้ไขและการสื่อสารที่โปร่งใส,technology,positive
ทดลองใช้บล็อกเชนตรวจสอบย้อนกลับสินค้าเกษตร,โครงการนำร่องใช้เทคโนโลยีบล็อกเชนบันทึกที่มาของสินค้าเกษตร ทำให้ผู้บริโภคตรวจสอบย้อนกลับได้ถึงแปลงปลูก ผู้ส่งออกมองว่าช่วยเพิ่มความน่าเชื่อถือ,technology,positive
ค่าใช้จ่ายด้านไอทีขององค์กรเพิ่มขึ้น,ผลสำรวจองค์กรในไทยพบว่างบประมาณด้านเทคโนโลยีสารสนเทศเพิ่มขึ้น โดยส่วนใหญ่ลงทุนด้านความปลอดภัยและระบบวิเคราะห์ข้อมูลเป็นลำดับแรก,technology,neutral
เปิดตัวรถยนต์ไฟฟ้ารุ่นประกอบในประเทศ,ค่ายรถเปิดตัวรถยนต์ไฟฟ้ารุ่นที่ประกอบในประเทศไทยเป็นครั้งแรก ทำให้ราคาจำหน่ายต่ำลงและช่วยสร้างงานในห่วงโซ่การผลิตชิ้นส่วนภายในประเทศ,technology,positive
ผู้ใช้กังวลการเก็บข้อมูลของผู้ช่วยเสียง,ผู้ใช้งานแสดงความกังวลว่าอุปกรณ์ผู้ช่วยเสียงอาจบันทึกเสียงในบ้านโดยไม่ได้ตั้งใจ ผู้ผลิตชี้แจงกลไกการทำงานและเพิ่มปุ่มปิดไมโครโฟนทางกายภาพ,technology,negative
พัฒนาแอปแจ้งเตือนภัยพิบัติแบบเรียลไทม์,หน่วยงานพัฒนาแอปพลิเคชันแจ้งเตือนภัยพิบัติที่ส่งข้อมูลตามพิกัดผู้ใช้แบบเรียลไทม์ ทดสอบในพื้นที่เสี่ยงพบว่าช่วยให้ประชาชนเตรียมตัวได้ทันเวลา,technology,positive
ระบบไอทีของหน่วยงานล้าสมัย ต้องเร่งปรับปรุง,รายงานตรวจสอบพบว่าระบบเทคโนโลยีสารสนเทศของหน่วยงานหลายแห่งล้าสมัยและเสี่ยงต่อความปลอดภัย จึงเสนอให้จัดสรรงบประมาณปรับปรุงเป็นการเร่งด่วน,technology,negative
นักเรียนไทยคว้ารางวัลแข่งขันเขียนโปรแกรม,ทีมนักเรียนไทยคว้ารางวัลจากการแข่งขันเขียนโปรแกรมระดับภูมิภาค โดยพัฒนาระบบช่วยจัดการขยะในชุมชน คณะกรรมการชื่นชมการนำเทคโนโลยีมาแก้ปัญหาจริง,technology,positive
ปรับปรุงระบบเว็บไซต์ราชการให้ใช้บนมือถือได้ดีขึ้น,หน่วยงานปรับปรุงเว็บไซต์บริการประชาชนให้แสดงผลบนมือถือได้ดีขึ้นและเข้าถึงง่ายสำหรับผู้พิการ ผลประเมินการใช้งานพบว่าผู้ใช้ทำงานสำเร็จได้เร็วขึ้น,technology,positive
เตือนอีเมลหลอกลวงแนบไฟล์อันตราย,ศูนย์ประสานงานด้านความปลอดภัยเตือนภัยอีเมลหลอกลวงที่แนบไฟล์อันตราย โดยปลอมเป็นใบแจ้งหนี้จากคู่ค้า แนะให้ตรวจสอบผู้ส่งก่อนเปิดไฟล์ทุกครั้ง,technology,negative
ผู้ประกอบการนำระบบจัดการสต๊อกอัตโนมัติมาใช้,ร้านค้าปลีกขนาดกลางเริ่มนำระบบจัดการสต๊อกอัตโนมัติมาใช้ ช่วยลดสินค้าค้างสต๊อกและสินค้าขาด ทำให้บริหารเงินทุนหมุนเวียนได้ดีขึ้น,technology,positive
ถกกฎหมายกำกับดูแลปัญญาประดิษฐ์,หน่วยงานเปิดเวทีรับฟังความคิดเห็นเกี่ยวกับแนวทางกำกับดูแลปัญญาประดิษฐ์ ครอบคลุมความรับผิด ความโปร่งใส และการคุ้มครองข้อมูลส่วนบุคคล,technology,neutral
อินเทอร์เน็ตขัดข้องในหลายจังหวัดจากสายเคเบิลเสียหาย,ผู้ให้บริการแจ้งว่าอินเทอร์เน็ตขัดข้องในหลายจังหวัดเนื่องจากสายเคเบิลใยแก้วเสียหายจากงานก่อสร้าง ทีมช่างเข้าซ่อมและกู้คืนบริการได้ภายในคืนเดียวกัน,technology,negative
เปิดตัวชุดข้อมูลเปิดสำหรับนักพัฒนา,หน่วยงานเปิดเผยชุดข้อมูลสาธารณะรูปแบบข้อมูลเปิดให้นักพัฒนานำไปใช้สร้างบริการใหม่ พร้อมเอกสารกำกับที่ชัดเจน ชุมชนนักพัฒนาตอบรับในทางบวก,technology,positive
ระบบกล้องวงจรปิดอัจฉริยะช่วยงานจราจร,เทศบาลติดตั้งระบบกล้องวงจรปิดที่วิเคราะห์ปริมาณรถได้ ช่วยปรับสัญญาณไฟจราจรตามสภาพจริง ผลทดลองพบว่าเวลารอที่แยกลดลงในช่วงเร่งด่วน,technology,positive
ผู้ใช้ถูกล็อกบัญชีเพราะระบบตรวจจับผิดพลาด,ผู้ใช้งานบางส่วนถูกระบบตรวจจับความผิดปกติล็อกบัญชีโดยไม่มีเหตุ ทำให้เข้าใช้บริการไม่ได้หลายชั่วโมง ผู้ให้บริการปรับเกณฑ์และคืนสิทธิ์การใช้งานแล้ว,technology,negative
พัฒนาระบบรู้จำเสียงพูดภาษาไทยสำหรับผู้พิการ,ทีมวิจัยพัฒนาระบบรู้จำเสียงพูดภาษาไทยเพื่อช่วยผู้พิการทางการเคลื่อนไหวควบคุมอุปกรณ์ในบ้าน ผู้ทดลองใช้ระบุว่าสามารถใช้งานได้ด้วยตนเองมากขึ้น,technology,positive
ตลาดอุปกรณ์เกมเติบโตต่อเนื่อง,ผู้จำหน่ายอุปกรณ์เกมรายงานยอดขายเติบโตต่อเนื่อง โดยกลุ่มอุปกรณ์เสริมและจอภาพความถี่สูงเป็นที่ต้องการมากที่สุดในกลุ่มผู้เล่นรุ่นใหม่,technology,neutral
บริการสตรีมมิงปรับขึ้นค่าสมาชิก,ผู้ให้บริการสตรีมมิงประกาศปรับขึ้นค่าสมาชิกรายเดือน โดยระบุเหตุผลเรื่องต้นทุนเนื้อหา ผู้ใช้บางส่วนแสดงความไม่พอใจและพิจารณายกเลิกบริการ,technology,negative
งานประชุมเทคโนโลยีในไทยมีผู้เข้าร่วมเป็นประวัติการณ์,งานประชุมด้านเทคโนโลยีที่จัดในกรุงเทพมหานครมีผู้เข้าร่วมมากเป็นประวัติการณ์ ทั้งนักพัฒนา นักลงทุน และผู้ประกอบการ สะท้อนความคึกคักของวงการในภูมิภาค,technology,positive
ปรับปรุงระบบสำรองข้อมูลหลังบทเรียนจากเหตุขัดข้อง,องค์กรหลายแห่งทบทวนและปรับปรุงระบบสำรองข้อมูลหลังเกิดเหตุระบบขัดข้องในอุตสาหกรรม โดยเพิ่มการทดสอบกู้คืนข้อมูลเป็นประจำทุกไตรมาส,technology,neutral
เตือนความเสี่ยงจากอุปกรณ์ไอโอทีที่ไม่อัปเดต,ผู้เชี่ยวชาญเตือนว่าอุปกรณ์ไอโอทีในบ้านที่ไม่ได้รับการอัปเดตซอฟต์แวร์อาจถูกใช้เป็นช่องทางโจมตีเครือข่าย แนะให้เปลี่ยนรหัสผ่านเริ่มต้นและอัปเดตสม่ำเสมอ,technology,negative
ห้องเรียนเสมือนช่วยนักเรียนพื้นที่ห่างไกล,โครงการห้องเรียนเสมือนช่วยให้นักเรียนในพื้นที่ห่างไกลเรียนกับครูผู้เชี่ยวชาญได้ ผลการทดลองหนึ่งภาคเรียนพบว่าคะแนนวิชาคณิตศาสตร์ของผู้เรียนดีขึ้น,technology,positive
ทีมชาติไทยคว้าชัยในการแข่งขันฟุตบอลนัดสำคัญ,ทีมชาติไทยเอาชนะคู่แข่งไปได้ในนัดสำคัญของการแข่งขันรอบคัดเลือก โดยได้ประตูชัยในช่วงท้ายเกม แฟนบอลที่เข้าชมในสนามส่งเสียงเชียร์อย่างกึกก้อง,sports,positive
ทีมชาติไทยพลาดท่าแพ้ในบ้าน แฟนบอลผิดหวัง,ทีมชาติไทยพลาดท่าพ่ายแพ้ในเกมที่ลงเล่นในบ้าน ทำให้โอกาสเข้ารอบลดลง แฟนบอลจำนวนมากแสดงความผิดหวังต่อผลงานในครึ่งหลัง,sports,negative
วอลเลย์บอลหญิงไทยเข้ารอบรองชนะเลิศ,ทีมวอลเลย์บอลหญิงทีมชาติไทยเอาชนะคู่แข่งด้วยสกอร์ 3-1 ผ่านเข้ารอบรองชนะเลิศได้สำเร็จ นักกีฬาระบุว่าการเตรียมตัวอย่างหนักส่งผลให้เล่นได้ตามแผน,sports,positive
นักแบดมินตันไทยตกรอบแรกรายการใหญ่,นักแบดมินตันมือวางของไทยตกรอบแรกในรายการระดับโลก หลังพ่ายแพ้ในเกมรัดกุม โค้ชระบุว่าจะกลับไปแก้จุดอ่อนเรื่องความฟิตก่อนรายการถัดไป,sports,negative
เปลี่ยนตัวโค้ชทีมชาติหลังผลงานไม่เข้าเป้า,สมาคมกีฬาประกาศเปลี่ยนตัวหัวหน้าผู้ฝึกสอนทีมชาติ หลังผลงานในรายการล่าสุดไม่เป็นไปตามเป้าหมาย โดยจะแถลงชื่อผู้ฝึกสอนคนใหม่ในสัปดาห์หน้า,sports,neutral
นักมวยไทยป้องกันแชมป์โลกได้สำเร็จ,นักมวยไทยป้องกันตำแหน่งแชมป์โลกไว้ได้สำเร็จ หลังชนะคะแนนแบบเอกฉันท์ในไฟต์ที่จัดขึ้นในประเทศ แฟนมวยชื่นชมการวางแผนชกที่รอบคอบ,sports,positive
ประกาศรายชื่อนักกีฬาชุดลุยซีเกมส์,คณะกรรมการโอลิมปิกประกาศรายชื่อนักกีฬาที่จะเข้าร่วมการแข่งขันซีเกมส์ ครอบคลุม 32 ชนิดกีฬา โดยจะเข้าเก็บตัวฝึกซ้อมร่วมกันในเดือนถัดไป,sports,neutral
สนามกีฬาแห่งใหม่เปิดใช้งานอย่างเป็นทางการ,"สนามกีฬาแห่งใหม่ในต่างจังหวัดเปิดใช้งานอย่างเป็นทางการ รองรับผู้ชมได้กว่า 20,000 คน และมีลู่วิ่งมาตรฐานสำหรับการแข่งขันระดับชาติ",sports,positive
นักกีฬาบาดเจ็บหนัก ต้องพักยาวทั้งฤดูกาล,นักกีฬาตัวหลักของทีมได้รับบาดเจ็บเอ็นหัวเข่าจากการลงแข่ง แพทย์ประเมินว่าต้องพักรักษาตัวยาวตลอดฤดูกาล ทีมต้องปรับแผนการเล่นครั้งใหญ่,sports,negative
ทีมเยาวชนไทยชนะขาดในนัดเปิดสนาม,ทีมฟุตบอลเยาวชนไทยเปิดสนามด้วยชัยชนะขาดลอย โดยยิงได้ถึง 4 ประตูโดยไม่เสียประตู กองหน้าดาวรุ่งทำได้สองประตูในเกมนี้,sports,positive
ผลเสมอทำให้ทั้งสองทีมยังลุ้นเข้ารอบ,เกมจบลงด้วยผลเสมอ 1-1 ทำให้ทั้งสองทีมยังมีโอกาสเข้ารอบต่อไป โดยต้องรอผลการแข่งขันในนัดสุดท้ายของกลุ่มเพื่อชี้ชะตา,sports,neutral
แฟนบอลไม่พอใจการตัดสินของกรรมการ,แฟนบอลจำนวนมากแสดงความไม่พอใจต่อการตัดสินในจังหวะสำคัญของเกม สมาคมระบุว่าจะส่งเรื่องให้คณะกรรมการผู้ตัดสินพิจารณาตามระเบียบ,sports,negative
นักวิ่งไทยทำสถิติใหม่ในรายการมาราธอน,นักวิ่งไทยทำเวลาดีที่สุดของตัวเองและสร้างสถิติใหม่ระดับประเทศในรายการมาราธอน โดยเข้าเส้นชัยเป็นอันดับที่สามของรายการ,sports,positive
สโมสรประกาศเซ็นสัญญานักเตะต่างชาติรายใหม่,สโมสรในลีกสูงสุดประกาศเซ็นสัญญานักเตะต่างชาติตำแหน่งกองกลาง ด้วยสัญญาสองปี ผู้เล่นระบุว่าตั้งใจช่วยทีมกลับไปเล่นถ้วยระดับทวีป,sports,neutral
ทีมตกชั้นหลังแพ้นัดสุดท้ายของฤดูกาล,ทีมในลีกสูงสุดต้องตกชั้นหลังพ่ายแพ้ในนัดสุดท้ายของฤดูกาล แฟนคลับที่เดินทางไปเชียร์แสดงความเสียใจแต่ยืนยันจะติดตามทีมต่อไป,sports,negative
เยาวชนไทยคว้าเหรียญทองยกน้ำหนัก,นักกีฬายกน้ำหนักเยาวชนไทยคว้าเหรียญทองจากการแข่งขันระดับเอเชีย ด้วยน้ำหนักรวมที่ทำลายสถิติของตัวเอง โค้ชชื่นชมวินัยการฝึกซ้อม,sports,positive
เปิดขายตั๋วนัดชิงชนะเลิศ หมดภายในไม่กี่ชั่วโมง,ตั๋วเข้าชมนัดชิงชนะเลิศเปิดขายและจำหน่ายหมดภายในไม่กี่ชั่วโมง ผู้จัดเตรียมเพิ่มจุดถ่ายทอดสดสาธารณะเพื่อรองรับแฟนกีฬาที่ไม่ได้ตั๋ว,sports,positive
นักกีฬาถูกลงโทษห้ามแข่งจากผลตรวจสารต้องห้าม,องค์กรกีฬาประกาศลงโทษนักกีฬารายหนึ่งห้ามลงแข่งขันเป็นเวลาสองปี หลังผลตรวจพบสารต้องห้าม นักกีฬาระบุจะยื่นอุทธรณ์ตามขั้นตอน,sports,negative
ทีมชาติเก็บตัวฝึกซ้อมก่อนแข่งนัดสำคัญ,ทีมชาติเข้าเก็บตัวฝึกซ้อมเป็นเวลาสิบวันก่อนลงแข่งนัดสำคัญ โดยเน้นการซ้อมเกมรับและลูกตั้งเตะ ผู้ฝึกสอนระบุว่านักกีฬามีความพร้อมด้านร่างกาย,sports,neutral
กองหน้าดาวรุ่งยิงประตูแรกในลีกสูงสุด,กองหน้าดาวรุ่งวัย 18 ปียิงประตูแรกในลีกสูงสุดได้สำเร็จ ช่วยให้ทีมเก็บสามคะแนนในเกมเยือน ผู้ฝึกสอนชื่นชมความตั้งใจในการฝึกซ้อม,sports,positive
เลื่อนการแข่งขันเพราะสภาพสนามไม่พร้อม,ผู้จัดการแข่งขันประกาศเลื่อนเกมออกไปเนื่องจากฝนตกหนักทำให้สภาพสนามไม่พร้อม โดยจะกำหนดวันแข่งใหม่และแจ้งให้ทราบภายหลัง,sports,neutral
ทีมชาติไทยผ่านเข้ารอบสุดท้ายเป็นครั้งแรกในรอบ 10 ปี,ทีมชาติไทยผ่านเข้าไปเล่นรอบสุดท้ายของรายการระดับทวีปเป็นครั้งแรกในรอบสิบปี สร้างความยินดีให้แฟนกีฬาทั่วประเทศ นักเตะขอบคุณกำลังใจจากผู้ชม,sports,positive
ผู้เล่นทะเลาะกันในสนาม ถูกใบแดงทั้งคู่,เกิดเหตุผู้เล่นสองฝ่ายทะเลาะกันในสนามจนผู้ตัดสินต้องแจกใบแดงทั้งคู่ สโมสรทั้งสองออกแถลงการณ์ขออภัยแฟนกีฬาและจะดำเนินการทางวินัยภายใน,sports,negative
จัดแข่งขันกีฬาสำหรับผู้พิการระดับชาติ,"การแข่งขันกีฬาคนพิการแห่งชาติเปิดฉากขึ้น มีนักกีฬาเข้าร่วมกว่า 2,000 คนจากทุกภูมิภาค ผู้จัดเน้นการอำนวยความสะดวกและมาตรฐานการแข่งขัน",sports,positive
สโมสรประกาศงบประมาณฤดูกาลใหม่,สโมสรแถลงงบประมาณสำหรับฤดูกาลใหม่ ครอบคลุมค่าเหนื่อยนักกีฬาและการพัฒนาอคาเดมีเยาวชน โดยระบุว่าจะเน้นความยั่งยืนทางการเงินมากขึ้น,sports,neutral
นักเทนนิสไทยเข้ารอบสามรายการระดับโลก,นักเทนนิสไทยผ่านเข้ารอบสามของรายการระดับโลกได้เป็นครั้งแรก หลังเอาชนะมือวางในรอบก่อนหน้า แฟนกีฬาชาวไทยติดตามการแข่งขันอย่างใกล้ชิด,sports,positive
ผลงานทีมตกต่ำ แฟนคลับเรียกร้องเปลี่ยนแปลง,หลังผลงานตกต่ำต่อเนื่องหลายนัด กลุ่มแฟนคลับรวมตัวเรียกร้องให้ผู้บริหารสโมสรทบทวนแนวทางการบริหารทีมและการเสริมผู้เล่นในช่วงตลาดรอบหน้า,sports,negative
เปิดตัวชุดแข่งใหม่ของทีมชาติ,สมาคมเปิดตัวชุดแข่งใหม่ของทีมชาติสำหรับฤดูกาลหน้า โดยใช้ลายที่ได้แรงบันดาลใจจากศิลปะไทย แฟนกีฬาส่วนใหญ่ตอบรับการออกแบบในทางบวก,sports,positive
อบรมผู้ตัดสินรุ่นใหม่เพิ่มมาตรฐานการแข่งขัน,สมาคมจัดอบรมผู้ตัดสินรุ่นใหม่กว่า 150 คน เพื่อยกระดับมาตรฐานการตัดสินในลีกภูมิภาค โดยเพิ่มการใช้เทคโนโลยีช่วยวิเคราะห์การตัดสินใจ,sports,positive
นักกีฬาทีมชาติกลับมาซ้อมได้หลังหายจากอาการบาดเจ็บ,นักกีฬาทีมชาติที่บาดเจ็บมาก่อนหน้ากลับมาฝึกซ้อมกับทีมได้ตามปกติ แพทย์ประจำทีมยืนยันว่าฟื้นตัวดีและมีโอกาสลงแข่งในนัดถัดไป,sports,positive
สโมสรถูกปรับเงินจากเหตุแฟนบอลก่อความไม่สงบ,คณะกรรมการวินัยสั่งปรับเงินสโมสรจากเหตุแฟนบอลก่อความไม่สงบในสนาม พร้อมกำหนดให้จัดทำแผนควบคุมผู้ชมเสนอภายใน 30 วัน,sports,negative
ทีมหญิงไทยคว้าแชมป์รายการในภูมิภาค,ทีมกีฬาหญิงของไทยคว้าแชมป์รายการระดับภูมิภาคได้สำเร็จ หลังเอาชนะเจ้าภาพในนัดชิงชนะเลิศ นักกีฬาระบุว่าเป็นผลจากการทำงานเป็นทีม,sports,positive
เตรียมจัดการแข่งขันวิ่งเทรลในอุทยาน,ผู้จัดประกาศจัดการแข่งขันวิ่งเทรลในพื้นที่อุทยานแห่งชาติ โดยกำหนดมาตรการดูแลสิ่งแวดล้อมและจำกัดจำนวนผู้เข้าร่วมเพื่อลดผลกระทบต่อระบบนิเวศ,sports,neutral
นักกีฬาเยาวชนได้ทุนไปฝึกซ้อมต่างประเทศ,นักกีฬาเยาวชนไทยห้าคนได้รับทุนไปฝึกซ้อมกับสถาบันกีฬาในต่างประเทศเป็นเวลาหนึ่งปี ผู้ปกครองและโค้ชแสดงความยินดีต่อโอกาสครั้งนี้,sports,positive
เกมถ่ายทอดสดมีผู้ชมออนไลน์สูงเป็นประวัติการณ์,การถ่ายทอดสดเกมนัดสำคัญมีผู้ชมออนไลน์พร้อมกันสูงเป็นประวัติการณ์ ผู้ให้บริการระบุว่าระบบรองรับได้ดีและไม่มีปัญหาการรับชม,sports,positive
ทีมพลาดโอกาสจากการยิงจุดโทษไม่เข้า,ทีมพลาดโอกาสขึ้นนำหลังยิงจุดโทษไม่เข้าในช่วงครึ่งแรก และจบเกมด้วยผลเสมอ ผู้ฝึกสอนระบุว่าจะเพิ่มการซ้อมยิงจุดโทษในสัปดาห์ถัดไป,sports,negative
เปิดคลินิกกีฬาให้เยาวชนฝึกฟรีช่วงปิดเทอม,หน่วยงานท้องถิ่นร่วมกับสโมสรเปิดคลินิกกีฬาให้เยาวชนเข้าฝึกฟรีในช่วงปิดภาคเรียน มีผู้สมัครเกินจำนวนที่รับได้ จึงเพิ่มรอบการฝึกอีกสองรอบ,sports,positive
ผู้เล่นตัวหลักย้ายทีมก่อนปิดตลาด,ผู้เล่นตัวหลักของทีมตกลงย้ายไปร่วมสโมสรอื่นก่อนปิดตลาดซื้อขาย ทั้งสองสโมสรยืนยันข้อตกลง แฟนบอลแสดงความรู้สึกทั้งเสียดายและเข้าใจการตัดสินใจ,sports,neutral
ทีมชาติเก็บชัยชนะนัดที่สามติดต่อกัน,ทีมชาติเก็บชัยชนะเป็นนัดที่สามติดต่อกัน ทำให้ขึ้นเป็นจ่าฝูงของกลุ่ม โดยเกมรับที่ยังไม่เสียประตูเป็นจุดแข็งสำคัญของทีมชุดนี้,sports,positive
สนามซ้อมชำรุด นักกีฬาต้องย้ายไปซ้อมที่อื่น,สนามซ้อมของทีมชำรุดจากการใช้งานหนักและสภาพอากาศ ทำให้นักกีฬาต้องย้ายไปใช้สนามอื่นชั่วคราว สโมสรเร่งของบประมาณปรับปรุงพื้นสนาม,sports,negative
ประกาศปฏิทินการแข่งขันฤดูกาลใหม่,ผู้จัดการแข่งขันประกาศปฏิทินฤดูกาลใหม่ โดยเริ่มเปิดฤดูกาลในเดือนสิงหาคมและมีช่วงพักเบรกสำหรับทีมชาติสองครั้ง สโมสรเริ่มวางแผนเตรียมทีม,sports,neutral
นักกีฬาไทยได้รับรางวัลนักกีฬาแห่งปี,นักกีฬาไทยได้รับการประกาศให้เป็นนักกีฬาแห่งปีจากผลงานที่โดดเด่นในรายการระดับนานาชาติ เจ้าตัวขอบคุณทีมงานและครอบครัวที่สนับสนุนมาตลอด,sports,positive
เกมนัดกระชับมิตรจบลงด้วยผลเสมอ,เกมกระชับมิตรระหว่างสองทีมจบลงด้วยผลเสมอ โดยทั้งสองฝ่ายใช้โอกาสนี้ทดลองผู้เล่นสำรองและแผนการเล่นใหม่ก่อนเปิดฤดูกาล,sports,neutral
ทีมชาติพ่ายในนัดชิงชนะเลิศ คว้าเหรียญเงิน,ทีมชาติไทยพ่ายแพ้ในนัดชิงชนะเลิศและได้เหรียญเงิน นักกีฬาแสดงความเสียใจแต่ระบุว่าจะนำบทเรียนไปพัฒนาต่อในรายการถัดไป,sports,negative
ยอดสมาชิกฟิตเนสเพิ่มขึ้นหลังกระแสออกกำลังกาย,ผู้ประกอบการฟิตเนสรายงานยอดสมาชิกเพิ่มขึ้นตามกระแสความสนใจการออกกำลังกาย โดยกลุ่มวัยทำงานเป็นสัดส่วนหลัก และคลาสกลุ่มได้รับความนิยมสูง,sports,positive
ตรวจสอบมาตรฐานความปลอดภัยสนามกีฬาทั่วประเทศ,หน่วยงานเริ่มตรวจสอบมาตรฐานความปลอดภัยของสนามกีฬาทั่วประเทศ ครอบคลุมโครงสร้างที่นั่งและทางหนีไฟ เพื่อให้เป็นไปตามเกณฑ์ที่กำหนด,sports,neutral
นักกีฬาอีสปอร์ตไทยคว้าอันดับสามระดับโลก,ทีมอีสปอร์ตไทยคว้าอันดับสามจากการแข่งขันระดับโลก สร้างชื่อให้วงการอีสปอร์ตในประเทศ ผู้สนับสนุนประกาศเพิ่มงบพัฒนาทีมในปีถัดไป,sports,positive
ทีมปรับแผนหลังเสียผู้เล่นสำคัญจากใบเหลืองสะสม,ทีมต้องปรับแผนการเล่นในนัดถัดไป หลังผู้เล่นตัวหลักสองคนถูกห้ามลงแข่งจากใบเหลืองสะสม ผู้ฝึกสอนระบุว่าผู้เล่นสำรองมีความพร้อม,sports,neutral
เยาวชนสนใจกีฬาเพิ่มขึ้นหลังทีมชาติประสบความสำเร็จ,สมาคมกีฬารายงานว่าจำนวนเยาวชนที่สมัครเข้าโครงการฝึกกีฬาเพิ่มขึ้นอย่างชัดเจน หลังทีมชาติประสบความสำเร็จในรายการใหญ่ ซึ่งช่วยขยายฐานนักกีฬาในระยะยาว,sports,positive
กระทรวงสาธารณสุขเตือนประชาชนระวังโรคตามฤดูกาล,กระทรวงสาธารณสุขออกประกาศเตือนประชาชนระวังโรคที่มักระบาดในช่วงเปลี่ยนฤดู โดยเฉพาะไข้หวัดใหญ่และไข้เลือดออก แนะให้ดูแลสุขอนามัยและกำจัดแหล่งเพาะพันธุ์ลูกน้ำ,health,neutral
ยอดผู้ป่วยไข้เลือดออกเพิ่มขึ้นเท่าตัว,กรมควบคุมโรครายงานจำนวนผู้ป่วยไข้เลือดออกเพิ่มขึ้นเกือบเท่าตัวเทียบกับช่วงเดียวกันของปีก่อน โดยพบผู้ป่วยมากในกลุ่มเด็กวัยเรียน เจ้าหน้าที่เร่งพ่นหมอกควันในพื้นที่เสี่ยง,health,negative
โรงพยาบาลเปิดศูนย์รักษามะเร็งครบวงจร,โรงพยาบาลศูนย์เปิดให้บริการศูนย์รักษาโรคมะเร็งครบวงจร ลดความจำเป็นที่ผู้ป่วยต้องเดินทางเข้ากรุงเทพมหานคร ผู้ป่วยในภูมิภาคเข้าถึงการรักษาได้เร็วขึ้น,health,positive
ฉีดวัคซีนป้องกันไข้หวัดใหญ่ฟรีสำหรับกลุ่มเสี่ยง,หน่วยบริการสาธารณสุขเปิดให้กลุ่มเสี่ยงเข้ารับวัคซีนป้องกันไข้หวัดใหญ่โดยไม่มีค่าใช้จ่าย ครอบคลุมผู้สูงอายุ หญิงตั้งครรภ์ และผู้มีโรคประจำตัว,health,positive
เตียงผู้ป่วยหนักไม่เพียงพอในบางพื้นที่,โรงพยาบาลในบางจังหวัดรายงานว่าเตียงผู้ป่วยหนักเต็มและต้องส่งต่อผู้ป่วยไปยังโรงพยาบาลใกล้เคียง หน่วยงานเร่งจัดสรรทรัพยากรและเพิ่มบุคลากรชั่วคราว,health,negative
ผลวิจัยชี้การเดินวันละ 30 นาทีลดความเสี่ยงโรคหัวใจ,ทีมวิจัยเผยผลการศึกษาที่ระบุว่าการเดินเร็วอย่างน้อยวันละ 30 นาทีช่วยลดความเสี่ยงโรคหัวใจได้อย่างมีนัยสำคัญ แพทย์แนะให้เริ่มจากระยะสั้นและเพิ่มขึ้นทีละน้อย,health,positive
เตือนภัยฝุ่นละอองขนาดเล็กกระทบระบบทางเดินหหายใจ,แพทย์เตือนว่าฝุ่นละอองขนาดเล็กในอากาศส่งผลต่อระบบทางเดินหายใจ โดยเฉพาะในเด็กและผู้สูงอายุ แนะให้สวมหน้ากากที่กรองฝุ่นได้และเลี่ยงกิจกรรมกลางแจ้งเมื่อค่าฝุ่นสูง,health,negative
โครงการคัดกรองเบาหวานเชิงรุกในชุมชน,หน่วยบริการสาธารณสุขลงพื้นที่คัดกรองเบาหวานเชิงรุกในชุมชน พบผู้มีภาวะเสี่ยงจำนวนมากที่ยังไม่รู้ตัว และส่งต่อเข้ารับคำแนะนำเรื่องอาหารและการออกกำลังกาย,health,positive
ขาดแคลนพยาบาลในโรงพยาบาลชุมชน,สภาการพยาบาลระบุว่าโรงพยาบาลชุมชนหลายแห่งขาดแคลนพยาบาล ทำให้ภาระงานต่อคนสูงและเสี่ยงต่อคุณภาพการดูแลผู้ป่วย จึงเสนอให้เพิ่มอัตรากำลังและค่าตอบแทน,health,negative
ผู้ป่วยโรคไตเข้าถึงการฟอกไตใกล้บ้านมากขึ้น,หน่วยงานขยายบริการฟอกไตไปยังโรงพยาบาลระดับอำเภอเพิ่มเติม ทำให้ผู้ป่วยไม่ต้องเดินทางไกลสัปดาห์ละหลายครั้ง ช่วยลดค่าใช้จ่ายและความเหนื่อยล้า,health,positive
เตือนอย่าซื้อยาปฏิชีวนะกินเองโดยไม่ปรึกษาแพทย์,เภสัชกรเตือนประชาชนไม่ควรซื้อยาปฏิชีวนะมารับประทานเองเมื่อเป็นหวัด เพราะไม่ได้ช่วยรักษาและอาจทำให้เชื้อดื้อยา ซึ่งเป็นปัญหาสาธารณสุขที่รุนแรงขึ้น,health,negative
เปิดสายด่วนให้คำปรึกษาสุขภาพจิต 24 ชั่วโมง,หน่วยงานสาธารณสุขเปิดสายด่วนให้คำปรึกษาด้านสุขภาพจิตตลอด 24 ชั่วโมง โดยมีนักจิตวิทยาประจำ ผู้ใช้บริการในเดือนแรกมากกว่าที่คาดการณ์ไว้,health,positive
พบผู้ป่วยโรคทางเดินอาหารเพิ่มขึ้นในช่วงหน้าร้อน,สถานพยาบาลรายงานจำนวนผู้ป่วยโรคระบบทางเดินอาหารเพิ่มขึ้นในช่วงอากาศร้อน ส่วนใหญ่มาจากอาหารที่เก็บไม่ถูกวิธี แนะให้ปรุงสุกและดื่มน้ำสะอาด,health,negative
อัตราการสูบบุหรี่ในเยาวชนลดลงต่อเนื่อง,ผลสำรวจพฤติกรรมสุขภาพพบว่าอัตราการสูบบุหรี่ในกลุ่มเยาวชนลดลงต่อเนื่องเป็นปีที่สาม ซึ่งเป็นผลจากมาตรการควบคุมและการรณรงค์ในโรงเรียน,health,positive
โรงพยาบาลนำระบบนัดหมายออนไลน์มาใช้ ลดเวลารอ,โรงพยาบาลเปิดใช้ระบบนัดหมายออนไลน์ ทำให้ผู้ป่วยไม่ต้องมารอคิวตั้งแต่เช้า ผลประเมินหลังใช้งานสามเดือนพบว่าเวลารอเฉลี่ยลดลงกว่าครึ่ง,health,positive
เตือนโรคมือเท้าปากระบาดในศูนย์เด็กเล็ก,กรมควบคุมโรคเตือนสถานรับเลี้ยงเด็กเฝ้าระวังโรคมือเท้าปาก หลังพบผู้ป่วยเพิ่มขึ้นในหลายพื้นที่ แนะให้แยกเด็กที่มีอาการและทำความสะอาดของเล่นสม่ำเสมอ,health,negative
ผลตรวจคุณภาพน้ำดื่มในโรงเรียนผ่านเกณฑ์,หน่วยงานสาธารณสุขตรวจคุณภาพน้ำดื่มในโรงเรียนหลายแห่งและพบว่าผ่านเกณฑ์มาตรฐานทั้งหมด โดยจะตรวจติดตามเป็นประจำทุกภาคเรียน,health,positive
ค่ารักษาพยาบาลเอกชนสูงขึ้น ประชาชนกังวล,ผู้ใช้บริการโรงพยาบาลเอกชนสะท้อนว่าค่ารักษาพยาบาลปรับสูงขึ้น ทำให้ภาระค่าใช้จ่ายเพิ่ม หน่วยงานกำกับดูแลระบุว่าจะติดตามการแสดงราคาให้ชัดเจนและเป็นธรรม,health,negative
อบรมอาสาสมัครสาธารณสุขประจำหมู่บ้านรุ่นใหม่,หน่วยงานจัดอบรมอาสาสมัครสาธารณสุขประจำหมู่บ้านรุ่นใหม่กว่า 500 คน เพื่อช่วยคัดกรองสุขภาพเบื้องต้นและให้ความรู้ในชุมชนอย่างต่อเนื่อง,health,positive
เผยแพร่คำแนะนำการดูแลผู้สูงอายุที่บ้าน,กรมการแพทย์เผยแพร่คู่มือการดูแลผู้สูงอายุที่บ้าน ครอบคลุมการป้องกันการล้ม โภชนาการ และการสังเกตอาการที่ต้องพบแพทย์ ญาติผู้ดูแลสามารถดาวน์โหลดได้ฟรี,health,neutral
ผู้ป่วยรอคิวผ่าตัดนานขึ้นในบางโรงพยาบาล,ผู้ป่วยบางกลุ่มต้องรอคิวผ่าตัดนานขึ้นเนื่องจากจำนวนห้องผ่าตัดและบุคลากรจำกัด โรงพยาบาลเร่งจัดตารางเพิ่มและส่งต่อผู้ป่วยไปยังเครือข่ายใกล้เคียง,health,negative
รณรงค์ลดการบริโภคเกลือเพื่อลดโรคความดัน,หน่วยงานสาธารณสุขรณรงค์ให้ประชาชนลดการบริโภคเกลือและโซเดียม เพื่อลดความเสี่ยงโรคความดันโลหิตสูงและโรคไต โดยร่วมมือกับผู้ผลิตอาหารปรับสูตร,health,positive
พบเชื้อดื้อยาในโรงพยาบาลเพิ่มขึ้น,รายงานเฝ้าระวังพบเชื้อดื้อยาในสถานพยาบาลเพิ่มขึ้น ซึ่งทำให้การรักษาซับซ้อนและใช้เวลานานขึ้น โรงพยาบาลเพิ่มมาตรการควบคุมการติดเชื้ออย่างเข้มงวด,health,negative
เปิดคลินิกเลิกบุหรี่ในโรงพยาบาลชุมชน,โรงพยาบาลชุมชนเปิดคลินิกช่วยเลิกบุหรี่ โดยมีทั้งการให้คำปรึกษาและยาช่วย ผู้เข้าร่วมโครงการในรุ่นแรกเลิกได้สำเร็จเกินครึ่งเมื่อติดตามครบหกเดือน,health,positive
เตือนภัยความร้อน เสี่ยงโรคลมแดด,กรมอนามัยเตือนประชาชนระวังโรคลมแดดในช่วงที่อุณหภูมิสูง โดยเฉพาะผู้ทำงานกลางแจ้ง แนะให้ดื่มน้ำบ่อยครั้งและหลีกเลี่ยงการทำงานหนักในช่วงเที่ยง,health,negative
ระบบส่งต่อผู้ป่วยฉุกเฉินเชื่อมข้อมูลได้เร็วขึ้น,หน่วยงานปรับปรุงระบบส่งต่อผู้ป่วยฉุกเฉินให้เชื่อมโยงข้อมูลระหว่างโรงพยาบาลได้เร็วขึ้น ช่วยลดเวลาในการเตรียมทีมรักษาปลายทางอย่างมีนัยสำคัญ,health,positive
ผลสำรวจพบคนไทยนอนไม่เพียงพอ,ผลสำรวจสุขภาพพบว่าคนไทยวัยทำงานจำนวนมากนอนหลับไม่เพียงพอ ซึ่งสัมพันธ์กับความเครียดและการใช้อุปกรณ์อิเล็กทรอนิกส์ก่อนนอน แพทย์แนะปรับสุขอนามัยการนอน,health,negative
ขยายสิทธิ์การรักษาโรคเรื้อรังในระบบบัตรทอง,สำนักงานหลักประกันสุขภาพแห่งชาติขยายสิทธิ์การรักษาโรคเรื้อรังเพิ่มเติม ครอบคลุมยาและอุปกรณ์ที่จำเป็น ผู้ป่วยลดค่าใช้จ่ายที่ต้องจ่ายเองได้มาก,health,positive
เตือนผลิตภัณฑ์เสริมอาหารอวดอ้างเกินจริง,สำนักงานคณะกรรมการอาหารและยาเตือนประชาชนระวังผลิตภัณฑ์เสริมอาหารที่โฆษณาอวดอ้างรักษาโรค ซึ่งผิดกฎหมายและอาจเป็นอันตรายต่อสุขภาพ,health,negative
ทีมแพทย์ผ่าตัดซับซ้อนสำเร็จเป็นครั้งแรกในภูมิภาค,ทีมแพทย์ของโรงพยาบาลศูนย์ผ่าตัดหัวใจแบบซับซ้อนสำเร็จเป็นครั้งแรกในภูมิภาค ผู้ป่วยฟื้นตัวดีและกลับบ้านได้ตามกำหนด,health,positive
ตรวจสุขภาพประจำปีฟรีสำหรับผู้ประกันตน,สำนักงานประกันสังคมเปิดให้ผู้ประกันตนตรวจสุขภาพประจำปีโดยไม่มีค่าใช้จ่ายในสถานพยาบาลที่ร่วมโครงการ ครอบคลุมรายการตรวจตามช่วงอายุ,health,positive
พบสารปนเปื้อนในอาหารทะเลบางล็อต,หน่วยงานตรวจพบสารปนเปื้อนเกินมาตรฐานในอาหารทะเลบางล็อต จึงสั่งเรียกคืนสินค้าและตรวจสอบแหล่งที่มา ผู้บริโภคที่ซื้อไปแล้วได้รับคำแนะนำให้งดรับประทาน,health,negative
อัตราการเข้าถึงยาต้านไวรัสดีขึ้น,หน่วยงานรายงานว่าผู้ป่วยเข้าถึงยาต้านไวรัสได้ดีขึ้นหลังปรับระบบกระจายยาไปยังโรงพยาบาลชุมชน ทำให้ผู้ป่วยรับยาต่อเนื่องได้โดยไม่ขาดช่วง,health,positive
เด็กเล็กมีภาวะโภชนาการต่ำในบางพื้นที่,การสำรวจภาวะโภชนาการพบเด็กเล็กในบางพื้นที่มีภาวะเตี้ยและน้ำหนักต่ำกว่าเกณฑ์ หน่วยงานเร่งเสริมอาหารและให้ความรู้ผู้ปกครองเรื่องอาหารตามวัย,health,negative
เปิดหน่วยแพทย์เคลื่อนที่ให้บริการพื้นที่ห่างไกล,หน่วยแพทย์เคลื่อนที่ออกให้บริการตรวจรักษาในพื้นที่ห่างไกลที่ไม่มีสถานพยาบาลใกล้เคียง มีผู้เข้ารับบริการกว่า 800 คนภายในสองวัน,health,positive
แนะวิธีสังเกตอาการเตือนของโรคหลอดเลือดสมอง,แพทย์เผยแพร่วิธีสังเกตอาการเตือนของโรคหลอดเลือดสมอง เช่น ปากเบี้ยว แขนขาอ่อนแรง และพูดไม่ชัด โดยย้ำว่าการมาถึงโรงพยาบาลเร็วเพิ่มโอกาสฟื้นตัว,health,neutral
ผู้บริจาคเลือดลดลง คลังเลือดขาดแคลน,สภากาชาดแจ้งว่าปริมาณผู้บริจาคเลือดลดลงในช่วงวันหยุดยาว ทำให้คลังเลือดบางหมู่ขาดแคลน จึงเชิญชวนประชาชนที่มีสุขภาพแข็งแรงร่วมบริจาค,health,negative
ประชาชนบริจาคเลือดล้นเป้าหลังการรณรงค์,หลังการรณรงค์ผ่านสื่อสังคมออนไลน์ มีประชาชนเดินทางมาบริจาคเลือดเกินเป้าหมายที่ตั้งไว้ ทำให้คลังเลือดกลับมาอยู่ในระดับปลอดภัย เจ้าหน้าที่ขอบคุณผู้บริจาคทุกคน,health,positive
เพิ่มการตรวจคัดกรองมะเร็งปากมดลูกในกลุ่มเป้าหมาย,หน่วยงานขยายการตรวจคัดกรองมะเร็งปากมดลูกให้ครอบคลุมกลุ่มเป้าหมายมากขึ้น พร้อมใช้วิธีตรวจที่แม่นยำกว่าเดิม เพื่อเพิ่มโอกาสพบโรคในระยะเริ่มต้น,health,positive
เตือนอย่าละเลยการฉีดวัคซีนพื้นฐานในเด็ก,แพทย์เตือนผู้ปกครองไม่ให้ละเลยการฉีดวัคซีนพื้นฐานตามกำหนด เพราะอัตราความครอบคลุมที่ลดลงอาจทำให้โรคที่ควบคุมได้แล้วกลับมาระบาดอีก,health,negative
โรงพยาบาลลดการใช้พลาสติกในหน่วยบริการ,โรงพยาบาลปรับลดการใช้พลาสติกแบบใช้ครั้งเดียวในหน่วยบริการที่ไม่กระทบมาตรฐานความปลอดภัย ช่วยลดปริมาณขยะติดเชื้อและค่าใช้จ่ายในการกำจัด,health,positive
ปรับปรุงห้องฉุกเฉินให้รองรับผู้ป่วยมากขึ้น,โรงพยาบาลปรับปรุงและขยายห้องฉุกเฉินให้รองรับผู้ป่วยได้มากขึ้น พร้อมแยกโซนคัดกรองเพื่อลดความแออัด ผู้ป่วยและญาติสะท้อนว่าการบริการเป็นระบบมากขึ้น,health,positive
ประชาชนสับสนข้อมูลสุขภาพที่แชร์ในโซเชียล,แพทย์แสดงความกังวลว่าข้อมูลสุขภาพที่ไม่ถูกต้องซึ่งแชร์กันในสื่อสังคมออนไลน์ทำให้ประชาชนสับสนและอาจรักษาตัวเองผิดวิธี จึงแนะให้ตรวจสอบแหล่งที่มาก่อนเชื่อ,health,negative
เปิดหลักสูตรอบรมผู้ดูแลผู้ป่วยติดเตียง,หน่วยงานเปิดอบรมผู้ดูแลผู้ป่วยติดเตียงให้กับญาติและผู้ช่วยเหลือดูแล ครอบคลุมการพลิกตัว การป้องกันแผลกดทับ และการให้อาหาร ผู้เข้าอบรมระบุว่านำไปใช้ได้จริง,health,positive
อัตราการเสียชีวิตจากอุบัติเหตุจราจรยังสูง,รายงานสาธารณสุขระบุว่าอัตราการเสียชีวิตจากอุบัติเหตุจราจรยังอยู่ในระดับสูงเมื่อเทียบกับหลายประเทศ โดยกลุ่มผู้ขับขี่รถจักรยานยนต์เป็นสัดส่วนมากที่สุด,health,negative
ผลการรักษาผู้ป่วยวัณโรคดีขึ้นหลังติดตามใกล้ชิด,โครงการติดตามผู้ป่วยวัณโรคอย่างใกล้ชิดทำให้อัตราการรักษาสำเร็จเพิ่มขึ้น โดยใช้การเยี่ยมบ้านและระบบเตือนกินยา ลดการขาดยาซึ่งเป็นสาเหตุของการดื้อยา,health,positive
เตือนระวังไข้หวัดใหญ่สายพันธุ์ใหม่ในต่างประเทศ,หน่วยงานเฝ้าระวังโรคติดต่อระหว่างประเทศเตือนให้ติดตามสถานการณ์ไข้หวัดใหญ่สายพันธุ์ใหม่ในต่างประเทศ และเตรียมความพร้อมด้านการตรวจวินิจฉัยในประเทศ,health,neutral
ขยายบริการทันตกรรมสำหรับเด็กในโรงเรียน,หน่วยบริการสาธารณสุขขยายบริการทันตกรรมเชิงรุกในโรงเรียน ทั้งการตรวจฟันและเคลือบฟลูออไรด์ ช่วยลดปัญหาฟันผุในเด็กประถมได้อย่างชัดเจน,health,positive
บุคลากรทางการแพทย์เผชิญภาวะหมดไฟ,ผลสำรวจพบบุคลากรทางการแพทย์จำนวนมากมีภาวะหมดไฟจากภาระงานที่หนักและเวลาพักผ่อนไม่เพียงพอ หน่วยงานเตรียมปรับตารางเวรและเพิ่มการสนับสนุนด้านจิตใจ,health,negative
ผลการดำเนินงานลดโรคไม่ติดต่อเข้าเป้า,หน่วยงานสาธารณสุขรายงานว่าผลการดำเนินงานลดปัจจัยเสี่ยงโรคไม่ติดต่อเป็นไปตามเป้าหมาย ทั้งการคัดกรองและการปรับพฤติกรรมในกลุ่มเสี่ยงระดับชุมชน,health,positive
ชุมชนร่วมกันปรับปรุงพื้นที่รกร้างเป็นสวนสาธารณะ,ชาวบ้านในชุมชนร่วมกับเทศบาลเปลี่ยนพื้นที่รกร้างให้เป็นสวนสาธารณะขนาดเล็ก มีลานออกกำลังกายและพื้นที่เล่นสำหรับเด็ก ผู้อยู่อาศัยระบุว่าคุณภาพชีวิตดีขึ้น,society,positive
ปัญหาความเหลื่อมล้ำทางรายได้ยังเป็นโจทย์ใหญ่,รายงานภาวะสังคมชี้ว่าความเหลื่อมล้ำทางรายได้ระหว่างเมืองและชนบทยังอยู่ในระดับสูง โดยครัวเรือนรายได้น้อยมีสัดส่วนหนี้ต่อรายได้มากกว่ากลุ่มอื่นอย่างชัดเจน,society,negative
เปิดศูนย์ดูแลเด็กเล็กในชุมชนแรงงาน,หน่วยงานท้องถิ่นเปิดศูนย์ดูแลเด็กเล็กในชุมชนแรงงาน ช่วยให้ผู้ปกครองไปทำงานได้โดยไม่ต้องทิ้งลูกไว้ลำพัง มีเด็กเข้ารับบริการเต็มจำนวนในเดือนแรก,society,positive
ผู้สูงอายุอยู่ลำพังเพิ่มขึ้นในสังคมไทย,สำนักงานสถิติรายงานว่าจำนวนผู้สูงอายุที่อาศัยอยู่ลำพังเพิ่มขึ้นต่อเนื่อง ซึ่งเพิ่มความเสี่ยงด้านสุขภาพและความปลอดภัย หน่วยงานเสนอให้ขยายระบบเยี่ยมบ้าน,society,negative
อาสาสมัครร่วมทำความสะอาดคลองในชุมชน,กลุ่มอาสาสมัครกว่า 300 คนร่วมกันเก็บขยะและกำจัดวัชพืชในคลองสายหลักของชุมชน ทำให้น้ำไหลได้ดีขึ้นและลดปัญหากลิ่นเหม็นในฤดูแล้ง,society,positive
ปัญหาคนไร้บ้านในเมืองใหญ่เพิ่มขึ้น,องค์กรภาคประชาสังคมรายงานว่าจำนวนคนไร้บ้านในเมืองใหญ่เพิ่มขึ้น ส่วนหนึ่งมาจากการสูญเสียงานและค่าเช่าที่สูงขึ้น หน่วยงานเปิดศูนย์พักพิงชั่วคราวเพิ่ม,society,negative
โครงการธนาคารเวลาช่วยดูแลผู้สูงอายุ,ชุมชนริเริ่มโครงการธนาคารเวลา ให้สมาชิกสะสมชั่วโมงจากการช่วยดูแลผู้สูงอายุและแลกเป็นบริการเมื่อจำเป็น ช่วยสร้างเครือข่ายการดูแลกันในชุมชน,society,positive
เด็กและเยาวชนเข้าถึงพื้นที่เล่นน้อยลง,ผลสำรวจพบว่าเด็กในเขตเมืองมีพื้นที่เล่นสาธารณะน้อยลง ส่งผลต่อพัฒนาการทางร่างกายและสังคม นักวิชาการเสนอให้กำหนดสัดส่วนพื้นที่สีเขียวต่อประชากรให้ชัดเจน,society,negative
ชาวบ้านรวมกลุ่มตั้งวิสาหกิจชุมชนแปรรูปผลผลิต,ชาวบ้านรวมกลุ่มตั้งวิสาหกิจชุมชนแปรรูปผลผลิตทางการเกษตร ทำให้ขายได้ราคาดีกว่าการขายผลผลิตสด สมาชิกมีรายได้เพิ่มขึ้นและลดปัญหาผลผลิตล้นตลาด,society,positive
ความรุนแรงในครอบครัวถูกแจ้งเหตุมากขึ้น,ศูนย์ช่วยเหลือรายงานว่าจำนวนการแจ้งเหตุความรุนแรงในครอบครัวเพิ่มขึ้น ซึ่งส่วนหนึ่งสะท้อนว่าผู้เสียหายกล้าขอความช่วยเหลือมากขึ้น หน่วยงานเพิ่มบ้านพักฉุกเฉิน,society,negative
โรงเรียนและชุมชนร่วมกันแก้ปัญหาเด็กหลุดจากระบบ,โรงเรียนร่วมกับผู้นำชุมชนติดตามเด็กที่ขาดเรียนต่อเนื่องและช่วยแก้ปัญหาที่ต้นเหตุ ทั้งเรื่องค่าเดินทางและภาระครอบครัว ทำให้เด็กหลายรายกลับเข้าเรียนได้,society,positive
ประชาชนร้องเรียนปัญหาน้ำประปาไม่ไหลหลายวัน,ชาวบ้านในหลายชุมชนร้องเรียนว่าน้ำประปาไม่ไหลต่อเนื่องหลายวัน ทำให้ใช้ชีวิตลำบาก การประปาชี้แจงว่าเกิดจากท่อแตกและเร่งซ่อมพร้อมแจกน้ำสะอาดชั่วคราว,society,negative
เปิดพื้นที่ตลาดชุมชนให้ผู้ค้ารายย่อย,เทศบาลจัดพื้นที่ตลาดชุมชนให้ผู้ค้ารายย่อยขายสินค้าโดยไม่เก็บค่าเช่าในช่วงแรก ช่วยให้ผู้มีรายได้น้อยมีช่องทางค้าขายและลดปัญหาการขายบนทางเท้า,society,positive
คนพิการยังเข้าถึงระบบขนส่งสาธารณะได้ยาก,องค์กรด้านคนพิการระบุว่าระบบขนส่งสาธารณะหลายส่วนยังไม่รองรับผู้ใช้รถเข็น ทั้งทางลาดและลิฟต์ที่ชำรุด จึงเรียกร้องให้ปรับปรุงตามมาตรฐานที่กฎหมายกำหนด,society,negative
ชุมชนจัดงานประเพณีท้องถิ่นคึกคัก,ชุมชนจัดงานประเพณีท้องถิ่นประจำปี มีผู้เข้าร่วมจากพื้นที่ใกล้เคียงจำนวนมาก ช่วยสืบสานวัฒนธรรมและสร้างรายได้ให้ผู้ค้าในพื้นที่,society,positive
แรงงานนอกระบบเข้าถึงสวัสดิการได้มากขึ้น,หน่วยงานขยายการขึ้นทะเบียนแรงงานนอกระบบให้เข้าถึงสิทธิประกันสังคมภาคสมัครใจ ทำให้ผู้ประกอบอาชีพอิสระมีหลักประกันด้านสุขภาพและชราภาพ,society,positive
ปัญหาขยะในชุมชนสะสมจากการจัดเก็บล่าช้า,ชาวบ้านสะท้อนปัญหาขยะสะสมในชุมชนเนื่องจากรถเก็บขยะเข้าไม่สม่ำเสมอ ส่งกลิ่นรบกวนและเป็นแหล่งเพาะพันธุ์สัตว์พาหะ เทศบาลรับเรื่องและปรับตารางจัดเก็บ,society,negative
เปิดห้องสมุดชุมชนพร้อมพื้นที่เรียนรู้ฟรี,ชุมชนร่วมกับภาคเอกชนเปิดห้องสมุดชุมชนที่มีอินเทอร์เน็ตและพื้นที่ติวหนังสือให้เยาวชนใช้ฟรี มีนักเรียนเข้ามาใช้บริการเต็มพื้นที่ทุกวันหลังเลิกเรียน,society,positive
ผู้ประสบภัยได้รับเงินเยียวยาล่าช้า,ผู้ประสบภัยในบางพื้นที่ระบุว่าได้รับเงินเยียวยาล่าช้ากว่ากำหนด ทำให้เดือดร้อนในการซ่อมแซมที่อยู่อาศัย หน่วยงานชี้แจงขั้นตอนและเร่งรัดการจ่ายเงิน,society,negative
เยาวชนจิตอาสาสอนผู้สูงอายุใช้สมาร์ทโฟน,กลุ่มเยาวชนจิตอาสาจัดกิจกรรมสอนผู้สูงอายุใช้สมาร์ทโฟนและระวังภัยออนไลน์ ผู้เข้าร่วมระบุว่าสามารถใช้แอปติดต่อลูกหลานและตรวจสอบข้อมูลได้ด้วยตนเอง,society,positive
เกิดข้อพิพาทเรื่องที่ดินระหว่างชาวบ้านและเอกชน,ชาวบ้านในพื้นที่ยื่นเรื่องร้องเรียนกรณีข้อพิพาทเรื่องแนวเขตที่ดินกับบริษัทเอกชน หน่วยงานตั้งคณะทำงานร่วมตรวจสอบเอกสารสิทธิ์และรับฟังทั้งสองฝ่าย,society,negative
ชุมชนตั้งกองทุนสวัสดิการช่วยสมาชิกยามเจ็บป่วย,สมาชิกในชุมชนร่วมกันตั้งกองทุนสวัสดิการโดยออมเงินรายเดือน เพื่อช่วยเหลือกันในกรณีเจ็บป่วยหรือเสียชีวิต ปัจจุบันมีสมาชิกกว่า 400 ครัวเรือน,society,positive
ผู้ปกครองกังวลความปลอดภัยเส้นทางไปโรงเรียน,ผู้ปกครองในชุมชนแสดงความกังวลเรื่องความปลอดภัยของเส้นทางเดินไปโรงเรียนที่ไม่มีทางเท้าและไฟส่องสว่าง หน่วยงานรับเรื่องและเตรียมสำรวจเพื่อปรับปรุง,society,negative
โครงการอาหารกลางวันเพิ่มคุณภาพโภชนาการ,โรงเรียนร่วมกับชุมชนปรับปรุงเมนูอาหารกลางวันให้มีผักและโปรตีนเพิ่มขึ้น โดยรับซื้อวัตถุดิบจากเกษตรกรในพื้นที่ ช่วยทั้งโภชนาการเด็กและรายได้ชุมชน,society,positive
สังคมสูงวัยกดดันระบบสวัสดิการ,นักวิชาการเตือนว่าการเข้าสู่สังคมสูงวัยอย่างสมบูรณ์จะกดดันระบบสวัสดิการและงบประมาณด้านสุขภาพ จึงควรเตรียมระบบการออมและการดูแลระยะยาวไว้ล่วงหน้า,society,negative
เปิดพื้นที่รับฟังปัญหาเยาวชนในชุมชน,หน่วยงานจัดเวทีให้เยาวชนสะท้อนปัญหาที่พบในชุมชน ทั้งเรื่องพื้นที่สร้างสรรค์และความปลอดภัย ข้อเสนอบางส่วนถูกบรรจุเข้าแผนพัฒนาท้องถิ่นปีถัดไป,society,positive
คนในชุมชนช่วยกันดูแลผู้ป่วยติดเตียง,เครือข่ายจิตอาสาในชุมชนจัดเวรผลัดกันเยี่ยมและช่วยดูแลผู้ป่วยติดเตียงที่ไม่มีญาติ ทำให้ผู้ป่วยได้รับการดูแลต่อเนื่องและญาติผู้ดูแลได้พักผ่อน,society,positive
ปัญหาที่จอดรถในชุมชนนำไปสู่ความขัดแย้ง,ที่จอดรถไม่เพียงพอในชุมชนหนาแน่นทำให้เกิดข้อพิพาทระหว่างเพื่อนบ้านบ่อยครั้ง คณะกรรมการชุมชนจัดทำกติกาการใช้พื้นที่ร่วมกันเพื่อลดความขัดแย้ง,society,negative
บริจาคสิ่งของช่วยผู้ประสบภัยล้นความคาดหมาย,ประชาชนร่วมบริจาคสิ่งของช่วยผู้ประสบภัยจำนวนมากเกินความคาดหมาย ผู้จัดต้องเปิดจุดรับเพิ่มและประสานการกระจายไปยังพื้นที่ที่ยังขาดแคลน,society,positive
เด็กในพื้นที่ห่างไกลขาดอุปกรณ์การเรียน,การสำรวจพบเด็กในพื้นที่ห่างไกลจำนวนหนึ่งขาดอุปกรณ์การเรียนพื้นฐานและอินเทอร์เน็ต ทำให้เสียโอกาสเรียนรู้ องค์กรการกุศลเริ่มระดมทุนช่วยเหลือ,society,negative
ชุมชนได้รับรางวัลการจัดการขยะต้นแบบ,ชุมชนได้รับรางวัลระดับจังหวัดจากการจัดการขยะแบบแยกประเภทและทำปุ๋ยหมัก ลดปริมาณขยะที่ต้องส่งกำจัดได้กว่าครึ่ง และมีรายได้จากการขายวัสดุรีไซเคิล,society,positive
เสียงร้องเรียนเรื่องเสียงดังรบกวนในที่พักอาศัย,ผู้อยู่อาศัยในอาคารชุดร้องเรียนปัญหาเสียงดังรบกวนในเวลากลางคืน นิติบุคคลออกประกาศกำหนดเวลาและมาตรการดูแล เพื่อลดข้อพิพาทระหว่างผู้พักอาศัย,society,negative
ผู้หญิงมีบทบาทเป็นผู้นำชุมชนเพิ่มขึ้น,การสำรวจพบสัดส่วนผู้หญิงที่ดำรงตำแหน่งผู้นำชุมชนเพิ่มขึ้นอย่างชัดเจน ซึ่งช่วยให้ประเด็นด้านครอบครัวและเด็กได้รับการผลักดันในแผนพัฒนามากขึ้น,society,positive
แรงงานย้ายถิ่นเผชิญปัญหาที่อยู่อาศัย,ผลศึกษาพบแรงงานย้ายถิ่นในเมืองอุตสาหกรรมเผชิญปัญหาที่อยู่อาศัยแออัดและค่าเช่าสูง นักวิจัยเสนอให้พัฒนาที่พักราคาเข้าถึงได้ใกล้แหล่งงาน,society,negative
วัดและชุมชนร่วมจัดโรงทานช่วยผู้มีรายได้น้อย,วัดร่วมกับชุมชนจัดโรงทานแจกอาหารให้ผู้มีรายได้น้อยและคนไร้บ้านทุกสัปดาห์ มีผู้มารับบริการต่อเนื่อง และมีผู้บริจาควัตถุดิบเพิ่มขึ้นเรื่อย ๆ,society,positive
ร้องเรียนการก่อสร้างส่งผลกระทบต่อบ้านข้างเคียง,ผู้อยู่อาศัยร้องเรียนว่าการก่อสร้างอาคารข้างเคียงทำให้ผนังบ้านร้าวและมีฝุ่นรบกวน เจ้าหน้าที่เข้าตรวจสอบและสั่งผู้รับเหมาปรับมาตรการป้องกันผลกระทบ,society,negative
เปิดอบรมทักษะอาชีพให้ผู้ว่างงานในชุมชน,หน่วยงานจัดอบรมทักษะอาชีพระยะสั้นให้ผู้ว่างงานในชุมชน ทั้งงานช่างและการขายออนไลน์ ผู้ผ่านการอบรมบางส่วนเริ่มมีรายได้ภายในเดือนแรก,society,positive
ปัญหาสุนัขจรจัดในพื้นที่สาธารณะ,ชาวบ้านสะท้อนปัญหาสุนัขจรจัดในพื้นที่สาธารณะที่ก่อความไม่ปลอดภัยและเสี่ยงโรค เทศบาลร่วมกับปศุสัตว์จัดหน่วยทำหมันและฉีดวัคซีนเคลื่อนที่,society,negative
กลุ่มผู้สูงอายุจัดกิจกรรมออกกำลังกายทุกเช้า,กลุ่มผู้สูงอายุในชุมชนรวมตัวจัดกิจกรรมออกกำลังกายทุกเช้าที่ลานวัด ช่วยทั้งสุขภาพร่างกายและลดความเหงา สมาชิกใหม่เพิ่มขึ้นต่อเนื่องทุกเดือน,society,positive
เยาวชนกลุ่มเสี่ยงได้รับการดูแลผ่านโครงการพี่เลี้ยง,โครงการพี่เลี้ยงจับคู่เยาวชนกลุ่มเสี่ยงกับผู้ใหญ่ในชุมชนเพื่อให้คำแนะนำและติดตามอย่างต่อเนื่อง ผลติดตามหนึ่งปีพบพฤติกรรมเสี่ยงลดลงอย่างมีนัยสำคัญ,society,positive
ค่าเช่าที่พักในเมืองสูงขึ้นกระทบคนทำงาน,ผู้เช่าในเมืองใหญ่ระบุว่าค่าเช่าที่พักปรับสูงขึ้นเร็วกว่ารายได้ ทำให้ต้องย้ายไปอยู่ไกลออกไปและเสียเวลาเดินทางมากขึ้น นักวิชาการเสนอมาตรการที่อยู่อาศัยราคาเข้าถึงได้,society,negative
ชุมชนติดตั้งไฟส่องสว่างเพิ่มความปลอดภัย,ชุมชนร่วมกับหน่วยงานติดตั้งไฟส่องสว่างตามตรอกซอยที่มืด ทำให้ผู้อยู่อาศัยรู้สึกปลอดภัยมากขึ้นเมื่อเดินกลับบ้านในเวลากลางคืน,society,positive
การเข้าถึงข้อมูลข่าวสารของผู้สูงอายุยังจำกัด,ผลศึกษาพบผู้สูงอายุจำนวนมากยังเข้าถึงข้อมูลข่าวสารของรัฐได้จำกัด เนื่องจากช่องทางส่วนใหญ่เป็นออนไลน์ หน่วยงานเตรียมเพิ่มช่องทางเสียงและเอกสารตัวใหญ่,society,negative
ตลาดนัดชุมชนช่วยลดค่าครองชีพผู้อยู่อาศัย,ตลาดนัดชุมชนที่จัดสัปดาห์ละสองครั้งช่วยให้ผู้อยู่อาศัยซื้อสินค้าจำเป็นในราคาถูกกว่าร้านค้าทั่วไป และเป็นพื้นที่พบปะที่สร้างความสัมพันธ์ในชุมชน,society,positive
ผู้ประสบปัญหาหนี้นอกระบบเข้าสู่กระบวนการไกล่เกลี่ย,ศูนย์ไกล่เกลี่ยรับเรื่องผู้ประสบปัญหาหนี้นอกระบบจำนวนมาก และช่วยเจรจาปรับโครงสร้างหนี้กับเจ้าหนี้ ทำให้ลูกหนี้หลายรายกลับมาผ่อนชำระได้ตามความสามารถ,society,positive
เกิดข้อถกเถียงเรื่องการใช้พื้นที่สาธารณะ,ชุมชนเกิดข้อถกเถียงเรื่องการจัดสรรการใช้พื้นที่สาธารณะระหว่างกลุ่มผู้ค้าและผู้ใช้พื้นที่ออกกำลังกาย หน่วยงานจัดเวทีเจรจาเพื่อหาข้อตกลงร่วมกัน,society,neutral
สำรวจความคิดเห็นประชาชนเรื่องบริการท้องถิ่น,หน่วยงานท้องถิ่นสำรวจความคิดเห็นประชาชนเกี่ยวกับคุณภาพบริการสาธารณะ ผลสำรวจจะนำไปใช้ปรับปรุงแผนงบประมาณและลำดับความสำคัญของโครงการ,society,neutral
ประชาชนพอใจบริการศูนย์ราชการแบบเบ็ดเสร็จ,ศูนย์บริการราชการแบบเบ็ดเสร็จได้รับคะแนนความพึงพอใจสูง เนื่องจากประชาชนติดต่อหลายหน่วยงานได้ในจุดเดียวและใช้เวลาน้อยลงกว่าเดิมอย่างชัดเจน,society,positive
เตือนภัยการหลอกลวงผู้สูงอายุในชุมชน,ผู้นำชุมชนเตือนสมาชิกให้ระวังกลุ่มบุคคลที่เข้ามาหลอกขายสินค้าราคาแพงเกินจริงกับผู้สูงอายุ และแนะให้ปรึกษาลูกหลานก่อนตัดสินใจซื้อทุกครั้ง,society,negative
ฝนตกหนักทำให้เกิดน้ำท่วมหลายพื้นที่,ฝนที่ตกหนักต่อเนื่องทำให้เกิดน้ำท่วมขังในหลายพื้นที่ ระดับน้ำสูงกว่า 50 เซนติเมตรในบางจุด ประชาชนได้รับความเดือดร้อนและต้องขนย้ายสิ่งของขึ้นที่สูง,disaster,negative
เตือนพื้นที่เสี่ยงน้ำป่าไหลหลากและดินสไลด์,กรมอุตุนิยมวิทยาเตือนประชาชนในพื้นที่ลาดเชิงเขาเฝ้าระวังน้ำป่าไหลหลากและดินสไลด์ในช่วง 48 ชั่วโมงข้างหน้า และให้เตรียมพร้อมอพยพหากได้รับแจ้งเตือน,disaster,neutral
พายุพัดบ้านเรือนเสียหายกว่า 200 หลัง,พายุฤดูร้อนพัดถล่มพื้นที่ ทำให้บ้านเรือนได้รับความเสียหายกว่า 200 หลัง หลังคาปลิวและต้นไม้ล้มทับสายไฟ เจ้าหน้าที่เร่งสำรวจความเสียหายเพื่อช่วยเหลือ,disaster,negative
อพยพประชาชนออกจากพื้นที่เสี่ยงได้ทันเวลา,เจ้าหน้าที่อพยพประชาชนกว่า 800 คนออกจากพื้นที่เสี่ยงน้ำป่าได้ทันเวลาก่อนมวลน้ำมาถึง ทำให้ไม่มีผู้เสียชีวิต ศูนย์พักพิงรองรับผู้อพยพได้ครบทุกครัวเรือน,disaster,positive
ระดับน้ำในเขื่อนลดลงต่ำกว่าเกณฑ์ เสี่ยงภัยแล้ง,กรมชลประทานรายงานว่าระดับน้ำในเขื่อนหลายแห่งลดลงต่ำกว่าเกณฑ์ปกติ จึงขอความร่วมมือเกษตรกรงดทำนาปรังในบางพื้นที่และวางแผนใช้น้ำอย่างประหยัด,disaster,negative
ไฟป่าลุกลามในพื้นที่อุทยาน เจ้าหน้าที่เร่งควบคุม,เกิดไฟป่าลุกลามในพื้นที่อุทยานแห่งชาติกว่า 300 ไร่ เจ้าหน้าที่และอาสาสมัครระดมกำลังเข้าควบคุมเพลิง โดยใช้เฮลิคอปเตอร์โปรยน้ำในจุดที่เข้าถึงยาก,disaster,negative
แผ่นดินไหวขนาด 4.2 รับรู้แรงสั่นสะเทือนหลายอำเภอ,เกิดแผ่นดินไหวขนาด 4.2 โดยประชาชนในหลายอำเภอรับรู้แรงสั่นสะเทือน ยังไม่มีรายงานความเสียหายต่อโครงสร้างอาคาร หน่วยงานเฝ้าติดตามอาฟเตอร์ช็อก,disaster,neutral
น้ำท่วมคลี่คลาย ประชาชนเริ่มกลับเข้าบ้าน,สถานการณ์น้ำท่วมในพื้นที่คลี่คลายลงหลังระดับน้ำลดต่อเนื่อง ประชาชนเริ่มกลับเข้าบ้านและทำความสะอาด หน่วยงานส่งทีมสุขาภิบาลเข้าช่วยฉีดพ่นยาฆ่าเชื้อ,disaster,positive
ศูนย์พักพิงรองรับผู้อพยพไม่เพียงพอ,ผู้อพยพจากพื้นที่น้ำท่วมมีจำนวนมากกว่าที่ศูนย์พักพิงรองรับได้ ทำให้ต้องเปิดพื้นที่เพิ่มในโรงเรียนและวัด ขณะที่เครื่องนอนและน้ำดื่มยังขาดแคลน,disaster,negative
ระบบเตือนภัยล่วงหน้าช่วยลดความเสียหาย,หน่วยงานระบุว่าระบบเตือนภัยล่วงหน้าที่ติดตั้งใหม่ช่วยให้ประชาชนเตรียมตัวได้ก่อนน้ำมาถึงราว 6 ชั่วโมง ทำให้ความเสียหายต่อทรัพย์สินลดลงอย่างชัดเจน,disaster,positive
ดินสไลด์ปิดเส้นทางขึ้นดอย รถผ่านไม่ได้,ดินสไลด์จากฝนตกหนักปิดเส้นทางขึ้นดอยเป็นระยะทางกว่า 50 เมตร ทำให้รถไม่สามารถผ่านได้ เจ้าหน้าที่นำเครื่องจักรเข้าเปิดทางและคาดว่าจะใช้เวลาสองวัน,disaster,negative
เตรียมพร้อมรับมือฤดูฝน ซ้อมแผนอพยพ,หน่วยงานท้องถิ่นจัดซ้อมแผนอพยพรับมือฤดูฝนร่วมกับชุมชน ครอบคลุมเส้นทางอพยพและจุดรวมพล ผู้เข้าร่วมระบุว่าเข้าใจขั้นตอนชัดเจนกว่าปีก่อน,disaster,positive
ภัยแล้งกระทบพื้นที่เกษตรกว่าแสนไร่,สถานการณ์ภัยแล้งกระทบพื้นที่เกษตรกว่าหนึ่งแสนไร่ ทำให้ผลผลิตเสียหายและเกษตรกรขาดรายได้ หน่วยงานเร่งจัดรถบรรทุกน้ำและขุดบ่อน้ำตื้นเพิ่มในพื้นที่ขาดแคลน,disaster,negative
พบผู้สูญหายจากน้ำป่าปลอดภัยแล้ว,ทีมค้นหาพบผู้สูญหายจากเหตุน้ำป่าไหลหลากทั้งสองคนในสภาพปลอดภัย หลังติดอยู่บนที่สูงเป็นเวลาข้ามคืน แพทย์ตรวจร่างกายและระบุว่าไม่มีอาการรุนแรง,disaster,positive
ลมกระโชกแรงพัดป้ายโฆษณาล้มทับรถ,ลมกระโชกแรงพัดป้ายโฆษณาขนาดใหญ่ล้มทับรถยนต์ที่จอดอยู่ริมถนน 3 คัน ไม่มีผู้ได้รับบาดเจ็บ เจ้าหน้าที่สั่งตรวจสอบความมั่นคงของป้ายอื่นในพื้นที่,disaster,negative
เขื่อนระบายน้ำตามแผน ประชาชนได้รับแจ้งล่วงหน้า,กรมชลประทานแจ้งการระบายน้ำจากเขื่อนตามแผนบริหารจัดการน้ำ พร้อมประชาสัมพันธ์ให้ประชาชนริมแม่น้ำทราบล่วงหน้าสามวันเพื่อเตรียมขนย้ายทรัพย์สิน,disaster,neutral
น้ำทะเลหนุนสูงท่วมชุมชนริมฝั่ง,น้ำทะเลหนุนสูงประกอบกับน้ำเหนือไหลลง ทำให้ชุมชนริมฝั่งแม่น้ำถูกน้ำท่วมในช่วงเช้า ประชาชนต้องใช้เรือสัญจร เจ้าหน้าที่นำกระสอบทรายเสริมแนวป้องกัน,disaster,negative
ทีมกู้ภัยต่างจังหวัดเข้าเสริมกำลังพื้นที่ประสบภัย,ทีมกู้ภัยจากหลายจังหวัดเดินทางเข้าเสริมกำลังในพื้นที่ประสบภัย พร้อมนำเรือท้องแบนและเครื่องสูบน้ำ ช่วยเร่งการช่วยเหลือผู้ติดค้างในพื้นที่น้ำลึก,disaster,positive
ประเมินความเสียหายภาคเกษตรหลังน้ำลด,หลังน้ำลดลง หน่วยงานเริ่มลงพื้นที่ประเมินความเสียหายภาคเกษตรเพื่อจ่ายเงินชดเชย โดยจะใช้ภาพถ่ายดาวเทียมร่วมกับการสำรวจภาคสนามเพื่อความรวดเร็ว,disaster,neutral
ฟ้าผ่าทำให้ระบบไฟฟ้าขัดข้องเป็นวงกว้าง,ฟ้าผ่าลงหม้อแปลงทำให้ระบบไฟฟ้าขัดข้องเป็นวงกว้างในหลายตำบล การไฟฟ้าเร่งซ่อมและคืนระบบได้ภายในหกชั่วโมง ไม่มีรายงานผู้ได้รับบาดเจ็บ,disaster,negative
หมอกควันปกคลุมพื้นที่ ค่าฝุ่นเกินมาตรฐาน,หมอกควันจากการเผาในที่โล่งปกคลุมพื้นที่ ทำให้ค่าฝุ่นละอองเกินมาตรฐานต่อเนื่องหลายวัน หน่วยงานประกาศเตือนกลุ่มเสี่ยงและเข้มงวดการห้ามเผา,disaster,negative
บริจาคถุงยังชีพถึงมือผู้ประสบภัยครบทุกครัวเรือน,หน่วยงานร่วมกับภาคเอกชนกระจายถุงยังชีพถึงมือผู้ประสบภัยครบทุกครัวเรือนในพื้นที่ประกาศภัยพิบัติ โดยใช้ข้อมูลทะเบียนบ้านตรวจสอบเพื่อไม่ให้ตกหล่น,disaster,positive
เตือนคลื่นลมแรง ห้ามเรือเล็กออกจากฝั่ง,กรมอุตุนิยมวิทยาประกาศเตือนคลื่นลมแรงในทะเล โดยขอให้เรือเล็กงดออกจากฝั่งในช่วงสามวันข้างหน้า ผู้ประกอบการเรือท่องเที่ยวประกาศงดให้บริการชั่วคราว,disaster,neutral
ซ่อมแซมถนนที่ชำรุดจากน้ำท่วมเสร็จเร็วกว่ากำหนด,หน่วยงานทางหลวงซ่อมแซมถนนที่ชำรุดจากน้ำท่วมเสร็จเร็วกว่ากำหนดหนึ่งสัปดาห์ ทำให้ประชาชนสัญจรได้ตามปกติและการขนส่งสินค้าเกษตรกลับมาเดินได้,disaster,positive
อาคารเรียนได้รับความเสียหายจากพายุ,พายุพัดหลังคาอาคารเรียนเสียหาย ทำให้ต้องหยุดการเรียนการสอนชั่วคราวสองวัน โรงเรียนย้ายนักเรียนไปเรียนที่อาคารอื่นระหว่างรอการซ่อมแซม,disaster,negative
จัดตั้งศูนย์บัญชาการเหตุการณ์ในพื้นที่ประสบภัย,จังหวัดจัดตั้งศูนย์บัญชาการเหตุการณ์เพื่อประสานการช่วยเหลือในพื้นที่ประสบภัย รวมข้อมูลจากทุกหน่วยงานไว้ที่จุดเดียว ทำให้การส่งความช่วยเหลือไม่ซ้ำซ้อน,disaster,neutral
ปริมาณน้ำฝนสะสมสูงสุดในรอบ 20 ปี,สถานีตรวจวัดรายงานปริมาณน้ำฝนสะสมในรอบสัปดาห์สูงสุดในรอบ 20 ปี ส่งผลให้ลำน้ำหลายสายมีระดับน้ำล้นตลิ่ง หน่วยงานยกระดับการเฝ้าระวังเป็นระดับสูงสุด,disaster,negative
เกษตรกรได้รับเงินชดเชยความเสียหายจากภัยแล้ง,เกษตรกรในพื้นที่ประกาศภัยแล้งได้รับเงินชดเชยความเสียหายตามเกณฑ์ โดยโอนเข้าบัญชีโดยตรง ผู้ได้รับระบุว่าช่วยบรรเทาภาระต้นทุนการเพาะปลูกรอบถัดไป,disaster,positive
เตือนระวังสัตว์มีพิษหลังน้ำท่วม,หน่วยงานสาธารณสุขเตือนประชาชนในพื้นที่น้ำลดให้ระวังสัตว์มีพิษที่หนีน้ำเข้ามาในบ้าน และให้สวมรองเท้าบูตขณะทำความสะอาดเพื่อป้องกันโรคฉี่หนู,disaster,neutral
ชุมชนสร้างแนวป้องกันน้ำท่วมด้วยตัวเอง,ชาวบ้านในชุมชนริมน้ำร่วมกันสร้างแนวป้องกันน้ำท่วมชั่วคราวจากกระสอบทรายก่อนมวลน้ำมาถึง ทำให้บ้านเรือนส่วนใหญ่ในชุมชนไม่ได้รับความเสียหาย,disaster,positive
ผู้ประสบภัยขาดน้ำดื่มสะอาดในบางจุด,ผู้ประสบภัยในพื้นที่ที่เข้าถึงยากรายงานว่าขาดน้ำดื่มสะอาด เนื่องจากเส้นทางขนส่งถูกตัดขาด เจ้าหน้าที่ใช้เฮลิคอปเตอร์ลำเลียงน้ำและอาหารเข้าไปให้,disaster,negative
ติดตั้งเครื่องวัดระดับน้ำอัตโนมัติเพิ่มในลำน้ำเสี่ยง,หน่วยงานติดตั้งเครื่องวัดระดับน้ำอัตโนมัติเพิ่มในลำน้ำที่มีความเสี่ยง ส่งข้อมูลเข้าศูนย์เตือนภัยแบบเรียลไทม์ ช่วยให้แจ้งเตือนชุมชนปลายน้ำได้เร็วขึ้น,disaster,positive
ตลาดสดถูกน้ำท่วม ผู้ค้าเสียหายหนัก,น้ำท่วมเข้าตลาดสดในตัวเมือง ทำให้ผู้ค้ากว่า 150 รายได้รับความเสียหาย สินค้าและอุปกรณ์จำนวนมากใช้งานไม่ได้ เทศบาลจัดพื้นที่ค้าขายชั่วคราวให้,disaster,negative
อาสาสมัครช่วยทำความสะอาดบ้านผู้ประสบภัย,กลุ่มอาสาสมัครกว่า 400 คนเข้าช่วยทำความสะอาดบ้านผู้ประสบภัยหลังน้ำลด โดยเน้นบ้านผู้สูงอายุและผู้ป่วยติดเตียงที่ไม่สามารถทำเองได้,disaster,positive
ประกาศเขตพื้นที่ประสบภัยพิบัติเพิ่ม 4 อำเภอ,ผู้ว่าราชการจังหวัดประกาศเพิ่มเขตพื้นที่ประสบภัยพิบัติอีก 4 อำเภอ เพื่อให้สามารถใช้งบทดรองราชการช่วยเหลือประชาชนได้ทันท่วงทีตามระเบียบ,disaster,neutral
ระบบระบายน้ำในเมืองรับปริมาณฝนไม่ทัน,ปริมาณฝนที่ตกหนักในเวลาสั้นเกินความสามารถของระบบระบายน้ำในเมือง ทำให้เกิดน้ำท่วมขังบนถนนสายหลัก หน่วยงานเร่งลอกท่อและเพิ่มเครื่องสูบน้ำในจุดเสี่ยง,disaster,negative
ฝึกอบรมชุมชนใช้เครื่องมือกู้ภัยเบื้องต้น,หน่วยงานจัดอบรมให้ชุมชนใช้เครื่องมือกู้ภัยเบื้องต้นและการปฐมพยาบาล เพื่อให้ช่วยเหลือกันได้ในชั่วโมงแรกก่อนทีมกู้ภัยเดินทางมาถึง,disaster,positive
สถานการณ์ไฟป่าคลี่คลาย ควบคุมเพลิงได้ทั้งหมด,เจ้าหน้าที่ควบคุมไฟป่าได้ทั้งหมดหลังปฏิบัติงานต่อเนื่องสามวัน โดยไม่มีผู้ได้รับบาดเจ็บ หน่วยงานเตรียมทำแนวกันไฟเพิ่มเพื่อป้องกันการลุกลามซ้ำ,disaster,positive
บ้านเรือนริมตลิ่งเสี่ยงพังจากน้ำกัดเซาะ,ระดับน้ำที่ไหลแรงกัดเซาะตลิ่ง ทำให้บ้านเรือนริมน้ำหลายหลังเสี่ยงพังทลาย เจ้าหน้าที่แจ้งให้ย้ายออกชั่วคราวและเร่งวางแนวหินป้องกันการกัดเซาะ,disaster,negative
เตือนพายุลูกใหม่เข้าใกล้ ให้เตรียมพร้อม,กรมอุตุนิยมวิทยาแจ้งเตือนพายุลูกใหม่ที่กำลังเคลื่อนเข้าใกล้ โดยคาดว่าจะส่งผลให้มีฝนตกหนักในสามวันข้างหน้า ขอให้ประชาชนติดตามประกาศอย่างใกล้ชิด,disaster,neutral
กู้ภัยช่วยผู้ป่วยติดเตียงออกจากพื้นที่น้ำท่วมสำเร็จ,ทีมกู้ภัยใช้เรือท้องแบนเคลื่อนย้ายผู้ป่วยติดเตียงและผู้สูงอายุออกจากพื้นที่น้ำท่วมลึกได้สำเร็จ 12 ราย โดยประสานโรงพยาบาลรับตัวไว้ดูแลต่อ,disaster,positive
โรงเรียนปิดการเรียนการสอนเพราะน้ำท่วม,โรงเรียนในพื้นที่น้ำท่วมประกาศปิดการเรียนการสอนชั่วคราว และปรับเป็นการเรียนออนไลน์สำหรับนักเรียนที่มีอุปกรณ์ ส่วนที่ไม่มีจะจัดสอนชดเชยภายหลัง,disaster,negative
ปรับปรุงคันกั้นน้ำเสร็จก่อนฤดูฝน,หน่วยงานปรับปรุงคันกั้นน้ำในพื้นที่เสี่ยงเสร็จก่อนเข้าฤดูฝน ครอบคลุมระยะทาง 8 กิโลเมตร ชาวบ้านในพื้นที่ระบุว่ารู้สึกมั่นใจมากขึ้นกว่าปีก่อน,disaster,positive
เกิดเหตุอาคารถล่มบางส่วนหลังฝนตกหนัก,อาคารเก่าในพื้นที่ถล่มบางส่วนหลังฝนตกหนักต่อเนื่อง ไม่มีผู้ได้รับบาดเจ็บเนื่องจากไม่มีผู้พักอาศัย เจ้าหน้าที่กันพื้นที่และสั่งรื้อถอนส่วนที่เสี่ยง,disaster,negative
แจกจ่ายน้ำสะอาดในพื้นที่ประสบภัยแล้ง,หน่วยงานจัดรถบรรทุกน้ำแจกจ่ายน้ำสะอาดให้ชุมชนที่ประสบภัยแล้งอย่างต่อเนื่องทุกสัปดาห์ ชาวบ้านระบุว่าเพียงพอสำหรับการอุปโภคบริโภคในครัวเรือน,disaster,positive
"สรุปความเสียหายจากพายุ ครัวเรือนกระทบ 3,000 หลัง","จังหวัดสรุปความเสียหายจากพายุ พบว่ามีครัวเรือนได้รับผลกระทบราว 3,000 หลัง ส่วนใหญ่เป็นหลังคาและรั้ว หน่วยงานเริ่มกระบวนการช่วยเหลือตามระเบียบ",disaster,neutral
ประชาชนได้รับแจ้งเตือนผ่านมือถือทันเวลา,ระบบแจ้งเตือนภัยผ่านโทรศัพท์มือถือส่งข้อความถึงประชาชนในพื้นที่เสี่ยงได้ทันเวลา ทำให้หลายครัวเรือนขนย้ายทรัพย์สินขึ้นที่สูงได้ก่อนน้ำเข้าท่วม,disaster,positive
ฝนทิ้งช่วงกระทบการเพาะปลูกข้าว,สถานการณ์ฝนทิ้งช่วงทำให้เกษตรกรที่หว่านข้าวไว้ประสบปัญหาต้นข้าวไม่เติบโต บางรายต้องหว่านซ้ำ ทำให้ต้นทุนเพิ่มขึ้นและเสี่ยงเก็บเกี่ยวล่าช้า,disaster,negative
เปิดใช้ระบบพยากรณ์น้ำท่วมล่วงหน้า 7 วัน,หน่วยงานเปิดใช้ระบบพยากรณ์สถานการณ์น้ำล่วงหน้า 7 วันที่แสดงผลเป็นแผนที่เข้าใจง่าย ช่วยให้ท้องถิ่นและประชาชนวางแผนรับมือได้ล่วงหน้ามากขึ้น,disaster,positive
ค่าฝุ่นพีเอ็มเกินมาตรฐานต่อเนื่องหลายวัน,ค่าฝุ่นละอองขนาดเล็กในหลายพื้นที่เกินมาตรฐานต่อเนื่องเป็นวันที่ห้า สาเหตุหลักมาจากการเผาในที่โล่งและสภาพอากาศปิด หน่วยงานแนะให้ลดกิจกรรมกลางแจ้ง,environment,negative
โครงการปลูกป่าชุมชนเพิ่มพื้นที่สีเขียว 500 ไร่,ชุมชนร่วมกับหน่วยงานปลูกป่าเพิ่มพื้นที่สีเขียวได้กว่า 500 ไร่ในหนึ่งปี พร้อมตั้งกลุ่มดูแลต้นไม้ที่ปลูก ทำให้อัตราการรอดของต้นกล้าสูงกว่าโครงการก่อนหน้า,environment,positive
พบการปล่อยน้ำเสียลงคลองสาธารณะ,เจ้าหน้าที่ตรวจพบโรงงานปล่อยน้ำเสียที่ไม่ผ่านการบำบัดลงคลองสาธารณะ จึงสั่งหยุดการปล่อยและดำเนินคดี พร้อมให้ปรับปรุงระบบบำบัดภายในกำหนด,environment,negative
ชายหาดฟื้นตัวหลังปิดให้ธรรมชาติพักฟื้น,หลังปิดชายหาดให้ธรรมชาติฟื้นตัวเป็นเวลาหนึ่งปี นักวิชาการพบว่าปะการังและสัตว์น้ำกลับมาเพิ่มขึ้นอย่างชัดเจน หน่วยงานเตรียมกำหนดจำนวนนักท่องเที่ยวต่อวัน,environment,positive
ปริมาณขยะพลาสติกในทะเลยังน่ากังวล,ผลสำรวจขยะทะเลพบว่าปริมาณขยะพลาสติกยังอยู่ในระดับน่ากังวล โดยส่วนใหญ่เป็นถุงและขวดที่ไหลมาจากแม่น้ำ องค์กรอนุรักษ์เรียกร้องให้จัดการที่ต้นทาง,environment,negative
เทศบาลเริ่มระบบแยกขยะที่ต้นทางทั่วเขต,เทศบาลเริ่มใช้ระบบแยกขยะที่ต้นทางครอบคลุมทั้งเขต โดยแจกถังแยกประเภทและปรับตารางเก็บ ผลสามเดือนแรกพบขยะที่ส่งไปฝังกลบลดลงกว่าร้อยละ 30,environment,positive
พบสัตว์ป่าหากินใกล้ชุมชนมากขึ้น,เจ้าหน้าที่อุทยานรายงานว่าพบสัตว์ป่าออกหากินใกล้ชุมชนมากขึ้น ซึ่งอาจเกิดจากแหล่งอาหารในป่าลดลง จึงเร่งฟื้นฟูแหล่งน้ำและอาหารในพื้นที่ป่า,environment,neutral
โรงงานลงทุนระบบลดการปล่อยคาร์บอน,โรงงานอุตสาหกรรมลงทุนปรับปรุงกระบวนการผลิตเพื่อลดการปล่อยก๊าซคาร์บอนไดออกไซด์ลงร้อยละ 25 ภายในสามปี โดยเปลี่ยนมาใช้พลังงานสะอาดบางส่วน,environment,positive
การบุกรุกพื้นที่ป่าเพิ่มขึ้นในบางจังหวัด,ภาพถ่ายดาวเทียมแสดงให้เห็นการบุกรุกพื้นที่ป่าเพิ่มขึ้นในบางจังหวัด หน่วยงานเข้าตรวจสอบและดำเนินคดีผู้กระทำผิด พร้อมวางแผนฟื้นฟูพื้นที่ที่ถูกบุกรุก,environment,negative
ติดตั้งแผงโซลาร์บนหลังคาอาคารราชการ,หน่วยงานติดตั้งแผงเซลล์แสงอาทิตย์บนหลังคาอาคารราชการหลายแห่ง ช่วยลดค่าไฟฟ้าและลดการปล่อยก๊าซเรือนกระจก โดยคืนทุนได้ภายในเจ็ดปีตามการประเมิน,environment,positive
คุณภาพน้ำในแม่น้ำสายหลักดีขึ้น,ผลตรวจคุณภาพน้ำในแม่น้ำสายหลักพบค่าออกซิเจนละลายน้ำดีขึ้นเทียบกับปีก่อน ซึ่งเป็นผลจากการควบคุมการปล่อยน้ำเสียและการเพิ่มระบบบำบัดในชุมชน,environment,positive
เผาตอซังข้าวยังเป็นปัญหาในฤดูเก็บเกี่ยว,การเผาตอซังข้าวหลังเก็บเกี่ยวยังเป็นสาเหตุสำคัญของฝุ่นควันในหลายพื้นที่ หน่วยงานส่งเสริมการไถกลบและให้เช่าเครื่องจักรราคาถูกเพื่อลดการเผา,environment,negative
ชุมชนอนุรักษ์ป่าชายเลนได้รับรางวัลระดับชาติ,กลุ่มอนุรักษ์ป่าชายเลนในชุมชนชายฝั่งได้รับรางวัลระดับชาติ จากการฟื้นฟูป่าชายเลนกว่า 200 ไร่ ซึ่งช่วยเพิ่มสัตว์น้ำและป้องกันการกัดเซาะชายฝั่ง,environment,positive
พบสารเคมีตกค้างในแหล่งน้ำใกล้พื้นที่เกษตร,หน่วยงานตรวจพบสารเคมีทางการเกษตรตกค้างในแหล่งน้ำใกล้พื้นที่เพาะปลูกเกินค่าที่แนะนำ จึงเร่งให้ความรู้เรื่องการใช้สารอย่างถูกวิธีและส่งเสริมเกษตรอินทรีย์,environment,negative
เปิดใช้รถโดยสารไฟฟ้าในเส้นทางเมือง,หน่วยงานขนส่งเปิดให้บริการรถโดยสารไฟฟ้าในเส้นทางกลางเมือง ช่วยลดมลพิษและเสียงรบกวน ผู้ใช้บริการระบุว่าการเดินทางนิ่งและสะดวกกว่ารถรุ่นเดิม,environment,positive
ปริมาณขยะจากบรรจุภัณฑ์เดลิเวอรีเพิ่มขึ้น,การเติบโตของบริการส่งอาหารทำให้ปริมาณขยะบรรจุภัณฑ์เพิ่มขึ้นอย่างมาก หน่วยงานร่วมกับผู้ประกอบการทดลองใช้ภาชนะที่นำกลับมาใช้ซ้ำในบางพื้นที่,environment,negative
ฟื้นฟูแนวปะการังด้วยการปลูกปะการังเทียม,นักวิจัยและอาสาสมัครร่วมกันปลูกปะการังในพื้นที่เสื่อมโทรม ผลติดตามหนึ่งปีพบอัตราการรอดสูงและมีปลาเข้ามาอาศัยเพิ่มขึ้นอย่างเห็นได้ชัด,environment,positive
เตือนภัยคลื่นความร้อนกระทบระบบนิเวศ,นักวิชาการเตือนว่าอุณหภูมิน้ำทะเลที่สูงขึ้นอาจทำให้เกิดปรากฏการณ์ปะการังฟอกขาวในบางพื้นที่ จึงเสนอให้ลดกิจกรรมที่รบกวนแนวปะการังในช่วงนี้,environment,negative
โครงการธนาคารขยะสร้างรายได้ให้ชุมชน,ชุมชนตั้งธนาคารขยะรับซื้อวัสดุรีไซเคิลจากสมาชิก ทำให้ครัวเรือนมีรายได้เสริมและปริมาณขยะในชุมชนลดลง โดยมีสมาชิกเข้าร่วมกว่า 600 ครัวเรือน,environment,positive
พื้นที่สีเขียวต่อประชากรในเมืองยังต่ำกว่าเกณฑ์,ผลการศึกษาพบว่าสัดส่วนพื้นที่สีเขียวต่อประชากรในเมืองใหญ่ยังต่ำกว่าเกณฑ์ที่องค์การอนามัยโลกแนะนำ นักผังเมืองเสนอให้เพิ่มสวนขนาดเล็กในย่านที่อยู่อาศัย,environment,negative
ห้ามใช้ถุงพลาสติกในตลาดสดนำร่อง,เทศบาลนำร่องห้ามใช้ถุงพลาสติกแบบใช้ครั้งเดียวในตลาดสด โดยแจกถุงผ้าให้ผู้ซื้อในช่วงแรก ผู้ค้าและผู้ซื้อส่วนใหญ่ปรับตัวได้ภายในหนึ่งเดือน,environment,positive
เกิดเหตุน้ำมันรั่วไหลลงทะเลบริเวณท่าเรือ,เกิดเหตุน้ำมันรั่วไหลลงทะเลบริเวณท่าเรือ เจ้าหน้าที่วางทุ่นกักและใช้สารขจัดคราบน้ำมันควบคุมพื้นที่ได้ภายในหนึ่งวัน แต่ยังต้องติดตามผลต่อระบบนิเวศ,environment,negative
เพิ่มจุดชาร์จรถไฟฟ้าในพื้นที่สาธารณะ,หน่วยงานร่วมกับเอกชนเพิ่มจุดชาร์จรถยนต์ไฟฟ้าในพื้นที่สาธารณะและห้างสรรพสินค้า ทำให้ผู้ใช้รถไฟฟ้าเดินทางระหว่างจังหวัดได้สะดวกขึ้น,environment,positive
รายงานสถานการณ์สิ่งแวดล้อมประจำปีเผยแพร่แล้ว,หน่วยงานเผยแพร่รายงานสถานการณ์สิ่งแวดล้อมประจำปี ครอบคลุมคุณภาพอากาศ น้ำ ขยะ และความหลากหลายทางชีวภาพ พร้อมข้อเสนอเชิงนโยบายสำหรับปีถัดไป,environment,neutral
ปลาตายจำนวนมากในแหล่งน้ำ ตรวจสอบสาเหตุ,พบปลาตายจำนวนมากในแหล่งน้ำของชุมชน เจ้าหน้าที่เก็บตัวอย่างน้ำไปตรวจวิเคราะห์เพื่อหาสาเหตุ เบื้องต้นสันนิษฐานว่าอาจมาจากออกซิเจนในน้ำต่ำ,environment,negative
ชุมชนใช้พลังงานชีวมวลจากเศษวัสดุเกษตร,ชุมชนพัฒนาระบบผลิตพลังงานชีวมวลจากเศษวัสดุการเกษตร ทำให้ลดการเผาในที่โล่งและมีพลังงานใช้ในกลุ่มวิสาหกิจชุมชน ลดค่าใช้จ่ายด้านเชื้อเพลิงอย่างชัดเจน,environment,positive
อุณหภูมิเฉลี่ยสูงขึ้นกระทบผลผลิตเกษตร,นักวิชาการเกษตรระบุว่าอุณหภูมิเฉลี่ยที่สูงขึ้นและฝนที่ผันผวนกระทบผลผลิตพืชหลายชนิด จึงเสนอให้ส่งเสริมพันธุ์ที่ทนร้อนและระบบน้ำที่มีประสิทธิภาพ,environment,negative
เปิดเส้นทางศึกษาธรรมชาติแบบไม่รบกวนระบบนิเวศ,อุทยานเปิดเส้นทางศึกษาธรรมชาติที่ออกแบบให้รบกวนระบบนิเวศน้อยที่สุด โดยจำกัดจำนวนผู้เข้าชมต่อรอบและมีเจ้าหน้าที่นำทาง ผู้เยี่ยมชมตอบรับดี,environment,positive
ปัญหาการทิ้งขยะในพื้นที่ธรรมชาติ,เจ้าหน้าที่พบขยะจำนวนมากในจุดชมวิวและน้ำตกช่วงวันหยุด จึงเพิ่มถังขยะและมาตรการปรับผู้ทิ้งขยะไม่เป็นที่ พร้อมรณรงค์ให้ผู้เยี่ยมชมนำขยะกลับ,environment,negative
เมืองต้นแบบลดการใช้พลาสติกได้ตามเป้า,เมืองที่เข้าร่วมโครงการต้นแบบลดการใช้พลาสติกทำได้ตามเป้าหมายที่ตั้งไว้ โดยลดปริมาณพลาสติกใช้ครั้งเดียวได้ครึ่งหนึ่งภายในหนึ่งปี,environment,positive
เตือนคุณภาพอากาศแย่ในช่วงเช้าตรู่,หน่วยงานสิ่งแวดล้อมเตือนว่าคุณภาพอากาศในช่วงเช้าตรู่มักแย่กว่าช่วงอื่นเนื่องจากสภาพอากาศปิด จึงแนะให้ผู้ออกกำลังกายเลี่ยงช่วงเวลาดังกล่าว,environment,neutral
ฟาร์มโซลาร์ลอยน้ำเริ่มจ่ายไฟเข้าระบบ,โครงการฟาร์มเซลล์แสงอาทิตย์ลอยน้ำบนอ่างเก็บน้ำเริ่มจ่ายไฟเข้าระบบ ช่วยเพิ่มสัดส่วนพลังงานสะอาดโดยไม่ต้องใช้พื้นที่ดินเพิ่ม,environment,positive
ปริมาณน้ำใต้ดินลดลงจากการสูบใช้เกินสมดุล,การสำรวจพบระดับน้ำใต้ดินในบางพื้นที่ลดลงจากการสูบใช้เกินสมดุลการเติมน้ำ หน่วยงานเตรียมกำหนดโซนควบคุมและส่งเสริมการเติมน้ำใต้ดินเทียม,environment,negative
ปลูกหญ้าทะเลฟื้นฟูแหล่งอาศัยสัตว์น้ำ,นักวิจัยร่วมกับชุมชนปลูกหญ้าทะเลเพื่อฟื้นฟูแหล่งอาศัยของสัตว์น้ำวัยอ่อน ผลติดตามพบจำนวนสัตว์น้ำในพื้นที่เพิ่มขึ้น ส่งผลดีต่อประมงพื้นบ้าน,environment,positive
ตรวจจับการลักลอบตัดไม้ด้วยเทคโนโลยีเสียง,เจ้าหน้าที่ทดลองใช้เครื่องตรวจจับเสียงเลื่อยยนต์ในพื้นที่ป่าอนุรักษ์ ช่วยแจ้งเตือนการลักลอบตัดไม้ได้เร็วขึ้นและนำไปสู่การจับกุมผู้กระทำผิดหลายราย,environment,positive
หมอกควันข้ามแดนกระทบคุณภาพอากาศภาคเหนือ,หน่วยงานระบุว่าหมอกควันจากการเผาในประเทศเพื่อนบ้านส่งผลต่อคุณภาพอากาศในภาคเหนือ จึงเดินหน้าเจรจาความร่วมมือระดับภูมิภาคเพื่อลดจุดความร้อน,environment,negative
โรงเรียนสร้างสวนผักปลอดสารในพื้นที่ว่าง,โรงเรียนใช้พื้นที่ว่างสร้างสวนผักปลอดสารให้นักเรียนเรียนรู้และนำผลผลิตไปใช้ในโครงการอาหารกลางวัน ช่วยลดค่าใช้จ่ายและสอนเรื่องความยั่งยืน,environment,positive
ประชาชนร้องเรียนกลิ่นเหม็นจากบ่อขยะ,ผู้อยู่อาศัยใกล้บ่อขยะร้องเรียนปัญหากลิ่นเหม็นและน้ำชะขยะไหลออกนอกพื้นที่ หน่วยงานเข้าตรวจสอบและสั่งปรับปรุงระบบคลุมบ่อและบำบัดน้ำชะขยะ,environment,negative
เพิ่มพื้นที่คุ้มครองทางทะเลอีก 2 แห่ง,หน่วยงานประกาศเพิ่มพื้นที่คุ้มครองทางทะเลอีกสองแห่ง เพื่ออนุรักษ์แหล่งวางไข่ของสัตว์น้ำ โดยกำหนดเขตห้ามทำประมงในบางฤดูกาลร่วมกับชุมชนประมง,environment,positive
อัตราการรีไซเคิลขวดพลาสติกเพิ่มขึ้น,ผู้ประกอบการรายงานว่าอัตราการรีไซเคิลขวดพลาสติกในประเทศเพิ่มขึ้น หลังขยายจุดรับคืนและให้ส่วนลดกับผู้นำขวดมาคืน ทำให้วัสดุกลับเข้าสู่การผลิตมากขึ้น,environment,positive
เขตอุตสาหกรรมถูกตรวจพบปล่อยฝุ่นเกินค่า,การตรวจวัดในเขตอุตสาหกรรมพบโรงงานบางแห่งปล่อยฝุ่นเกินค่ามาตรฐาน หน่วยงานสั่งปรับปรุงระบบดักฝุ่นและกำหนดให้รายงานผลการตรวจวัดทุกเดือน,environment,negative
ชุมชนจัดการน้ำเสียครัวเรือนด้วยระบบธรรมชาติ,ชุมชนติดตั้งระบบบำบัดน้ำเสียแบบบึงประดิษฐ์ที่ใช้พืชกรองน้ำ ต้นทุนต่ำและดูแลง่าย ทำให้คุณภาพน้ำที่ปล่อยออกสู่คลองดีขึ้นอย่างชัดเจน,environment,positive
เตือนผลกระทบจากการถมที่ลุ่มรับน้ำ,นักวิชาการเตือนว่าการถมพื้นที่ลุ่มรับน้ำเพื่อก่อสร้างจะเพิ่มความเสี่ยงน้ำท่วมในพื้นที่ข้างเคียง จึงเสนอให้กำหนดสัดส่วนพื้นที่ซึมน้ำในทุกโครงการ,environment,negative
ประกาศมาตรการห้ามเผาในที่โล่งช่วงวิกฤต,จังหวัดประกาศมาตรการห้ามเผาในที่โล่งในช่วงวิกฤตฝุ่น พร้อมตั้งจุดตรวจและใช้ภาพถ่ายดาวเทียมติดตามจุดความร้อน ผู้ฝ่าฝืนจะถูกดำเนินคดี,environment,neutral
ปริมาณจุดความร้อนลดลงเทียบกับปีก่อน,หน่วยงานรายงานว่าจำนวนจุดความร้อนในช่วงเดียวกันลดลงจากปีก่อนอย่างชัดเจน ซึ่งเป็นผลจากมาตรการห้ามเผาและการส่งเสริมการจัดการเศษวัสดุเกษตร,environment,positive
ทดลองใช้บรรจุภัณฑ์ย่อยสลายได้ในร้านค้า,ร้านค้าในโครงการนำร่องเปลี่ยนมาใช้บรรจุภัณฑ์ที่ย่อยสลายได้ทางชีวภาพ ผู้บริโภคส่วนใหญ่ตอบรับดี แม้ต้นทุนสูงกว่าเดิมเล็กน้อยในระยะเริ่มต้น,environment,positive
สัตว์ทะเลเกยตื้นเพิ่มขึ้นในช่วงหลัง,ศูนย์วิจัยทรัพยากรทางทะเลรายงานว่าจำนวนสัตว์ทะเลเกยตื้นเพิ่มขึ้น โดยพบเศษพลาสติกในทางเดินอาหารของบางตัว ซึ่งสะท้อนปัญหาขยะทะเลที่ยังรุนแรง,environment,negative
ปรับปรุงระบบขนส่งสาธารณะช่วยลดการใช้รถส่วนตัว,หลังปรับปรุงเส้นทางและความถี่ของรถโดยสารสาธารณะ พบว่าจำนวนผู้ใช้บริการเพิ่มขึ้นและปริมาณรถส่วนตัวในเขตเมืองลดลง ส่งผลดีต่อคุณภาพอากาศ,environment,positive
เผยแพร่ข้อมูลคุณภาพอากาศแบบเปิดให้ประชาชน,หน่วยงานเปิดเผยข้อมูลคุณภาพอากาศจากสถานีตรวจวัดทั้งหมดในรูปแบบข้อมูลเปิด ให้ประชาชนและนักพัฒนานำไปใช้สร้างแอปแจ้งเตือนได้เอง,environment,positive
พื้นที่ชุ่มน้ำถูกคุกคามจากการขยายเมือง,รายงานระบุว่าพื้นที่ชุ่มน้ำหลายแห่งถูกคุกคามจากการขยายตัวของเมืองและการเปลี่ยนการใช้ที่ดิน ซึ่งกระทบต่อแหล่งอาศัยของนกอพยพและการชะลอน้ำหลาก,environment,negative
มหาวิทยาลัยเปิดหลักสูตรใหม่ด้านปัญญาประดิษฐ์,มหาวิทยาลัยเปิดหลักสูตรระดับปริญญาตรีด้านปัญญาประดิษฐ์และวิทยาการข้อมูล โดยร่วมมือกับภาคเอกชนจัดการฝึกงาน มีผู้สมัครเกินจำนวนที่รับในรอบแรก,education,positive
โรงเรียนขาดแคลนครูวิชาคณิตศาสตร์และวิทยาศาสตร์,สำนักงานเขตพื้นที่การศึกษารายงานว่าโรงเรียนในพื้นที่ห่างไกลขาดแคลนครูวิชาคณิตศาสตร์และวิทยาศาสตร์ ทำให้ต้องให้ครูสอนข้ามวิชา ส่งผลต่อคุณภาพการเรียน,education,negative
นักเรียนไทยคว้าเหรียญทองโอลิมปิกวิชาการ,ทีมนักเรียนไทยคว้าเหรียญทองจากการแข่งขันโอลิมปิกวิชาการระหว่างประเทศ สร้างชื่อเสียงให้ประเทศ ครูผู้ฝึกสอนระบุว่าเป็นผลจากการเตรียมตัวอย่างเป็นระบบ,education,positive
ค่าเทอมที่สูงขึ้นเป็นภาระผู้ปกครอง,ผู้ปกครองสะท้อนว่าค่าเทอมและค่าใช้จ่ายแฝงในการเรียนเพิ่มขึ้นทุกปี เป็นภาระหนักต่อครัวเรือนรายได้น้อย หน่วยงานเตรียมทบทวนเกณฑ์การเก็บค่าใช้จ่าย,education,negative
เปิดให้ทุนเรียนต่อสำหรับนักเรียนขาดแคลน,กองทุนการศึกษาเปิดรับสมัครทุนเรียนต่อระดับมัธยมปลายและอาชีวศึกษาสำหรับนักเรียนขาดแคลนทุนทรัพย์ ครอบคลุมค่าเล่าเรียนและค่าใช้จ่ายรายเดือน,education,positive
ผลสอบวัดระดับชี้ทักษะการอ่านของนักเรียนลดลง,ผลการประเมินระดับชาติพบว่าทักษะการอ่านเชิงวิเคราะห์ของนักเรียนลดลงจากรอบก่อน นักวิชาการเสนอให้เพิ่มกิจกรรมการอ่านและลดการเรียนแบบท่องจำ,education,negative
โรงเรียนนำระบบเรียนแบบผสมผสานมาใช้,โรงเรียนนำระบบการเรียนแบบผสมผสานทั้งในห้องเรียนและออนไลน์มาใช้ ทำให้นักเรียนที่ขาดเรียนสามารถทบทวนบทเรียนย้อนหลังได้ ผู้ปกครองตอบรับในทางบวก,education,positive
อาชีวศึกษาร่วมมือสถานประกอบการรับนักศึกษาฝึกงาน,วิทยาลัยอาชีวศึกษาลงนามความร่วมมือกับสถานประกอบการกว่า 40 แห่ง เพื่อรับนักศึกษาเข้าฝึกงานและมีโอกาสได้งานหลังจบ ช่วยลดช่องว่างทักษะกับตลาดแรงงาน,education,positive
อาคารเรียนเก่าทรุดโทรม รอการซ่อมแซม,อาคารเรียนในโรงเรียนหลายแห่งอยู่ในสภาพทรุดโทรมและรอการจัดสรรงบซ่อมแซม ครูและผู้ปกครองกังวลเรื่องความปลอดภัยของนักเรียนในช่วงฤดูฝน,education,negative
เปิดห้องปฏิบัติการวิทยาศาสตร์แห่งใหม่,โรงเรียนเปิดห้องปฏิบัติการวิทยาศาสตร์แห่งใหม่ที่มีอุปกรณ์ครบตามมาตรฐาน ทำให้นักเรียนได้ทำการทดลองจริงมากขึ้นแทนการเรียนจากตำราเพียงอย่างเดียว,education,positive
ปรับหลักสูตรเพิ่มทักษะดิจิทัลตั้งแต่ประถม,กระทรวงศึกษาธิการปรับหลักสูตรเพิ่มการเรียนทักษะดิจิทัลและการคิดเชิงคำนวณตั้งแต่ระดับประถมศึกษา โดยจะเริ่มใช้ในปีการศึกษาหน้าพร้อมอบรมครูล่วงหน้า,education,neutral
นักศึกษาจบใหม่หางานยากขึ้นในบางสาขา,ผลสำรวจภาวะการมีงานทำพบว่าบัณฑิตในบางสาขาใช้เวลาหางานนานขึ้น สะท้อนความไม่สอดคล้องระหว่างหลักสูตรและความต้องการของตลาด สถาบันเริ่มทบทวนหลักสูตร,education,negative
ครูได้รับการอบรมการสอนแบบเชิงรุก,ครูกว่า 800 คนเข้ารับการอบรมเทคนิคการสอนแบบเชิงรุกที่เน้นให้นักเรียนลงมือทำ ผลติดตามหลังอบรมพบว่าการมีส่วนร่วมของนักเรียนในชั้นเรียนเพิ่มขึ้น,education,positive
ระบบคัดเลือกเข้ามหาวิทยาลัยปรับเกณฑ์ใหม่,ที่ประชุมอธิการบดีประกาศปรับเกณฑ์การคัดเลือกเข้าศึกษาต่อในมหาวิทยาลัย โดยลดน้ำหนักการสอบและเพิ่มการพิจารณาผลงาน จะเริ่มใช้ในปีการศึกษาถัดไป,education,neutral
เด็กหลุดออกจากระบบการศึกษาเพิ่มขึ้น,หน่วยงานรายงานว่าจำนวนเด็กที่หลุดออกจากระบบการศึกษาเพิ่มขึ้น สาเหตุหลักมาจากปัญหาเศรษฐกิจครอบครัวและการย้ายถิ่น จึงเร่งติดตามและช่วยเหลือรายกรณี,education,negative
ห้องสมุดโรงเรียนได้รับหนังสือบริจาคจำนวนมาก,"โรงเรียนในพื้นที่ห่างไกลได้รับหนังสือบริจาคกว่า 5,000 เล่มจากโครงการระดมทุน ทำให้ห้องสมุดมีหนังสือหลากหลายขึ้น นักเรียนเข้าใช้บริการเพิ่มขึ้นชัดเจน",education,positive
ผลประเมินคุณภาพสถานศึกษาผ่านเกณฑ์ทุกแห่ง,การประเมินคุณภาพภายนอกของสถานศึกษาในเขตพื้นที่พบว่าผ่านเกณฑ์ทุกแห่ง โดยมีข้อเสนอแนะให้พัฒนาด้านการวัดผลและการใช้ข้อมูลเพื่อพัฒนาผู้เรียน,education,positive
นักเรียนขาดอุปกรณ์เรียนออนไลน์ในบางพื้นที่,การสำรวจพบนักเรียนบางส่วนยังขาดอุปกรณ์และสัญญาณอินเทอร์เน็ตสำหรับการเรียนออนไลน์ โรงเรียนจึงจัดใบงานและเปิดจุดยืมอุปกรณ์เพื่อลดความเหลื่อมล้ำ,education,negative
เปิดสอนภาษาต่างประเทศเพิ่มเป็นทางเลือก,โรงเรียนเปิดสอนภาษาต่างประเทศเพิ่มเป็นวิชาเลือก ทั้งภาษาจีน ญี่ปุ่น และเกาหลี ตามความสนใจของนักเรียน โดยได้ครูอาสาจากโครงการแลกเปลี่ยนมาช่วยสอน,education,positive
ครูมีภาระงานเอกสารมากเกินไป,ผลสำรวจพบครูใช้เวลาส่วนใหญ่ไปกับงานเอกสารและงานธุรการ ทำให้เวลาเตรียมการสอนลดลง สหภาพครูเรียกร้องให้ลดภาระงานที่ไม่เกี่ยวกับการเรียนการสอน,education,negative
จัดค่ายวิทยาศาสตร์ให้นักเรียนในชนบท,หน่วยงานจัดค่ายวิทยาศาสตร์เคลื่อนที่ให้นักเรียนในพื้นที่ชนบท มีกิจกรรมทดลองและการใช้กล้องดูดาว นักเรียนหลายคนระบุว่าจุดประกายความสนใจด้านวิทยาศาสตร์,education,positive
มหาวิทยาลัยเปิดหลักสูตรระยะสั้นสำหรับวัยทำงาน,มหาวิทยาลัยเปิดหลักสูตรระยะสั้นแบบเก็บหน่วยกิตสำหรับผู้ทำงาน เพื่อเพิ่มทักษะใหม่โดยไม่ต้องลาออกจากงาน มีผู้ลงทะเบียนเต็มในหลายรายวิชา,education,positive
ปัญหาความปลอดภัยในโรงเรียนถูกหยิบยกขึ้นถกเถียง,หลังเกิดเหตุในโรงเรียนแห่งหนึ่ง ประเด็นความปลอดภัยของนักเรียนถูกหยิบยกขึ้นถกเถียง หน่วยงานสั่งทบทวนมาตรการคัดกรองผู้เข้าออกและระบบดูแลช่วยเหลือนักเรียน,education,negative
นักศึกษาพัฒนาสิ่งประดิษฐ์ช่วยเกษตรกร,ทีมนักศึกษาพัฒนาเครื่องมือวัดความชื้นดินราคาประหยัดสำหรับเกษตรกรรายย่อย และนำไปทดลองใช้ในแปลงจริง เกษตรกรระบุว่าช่วยตัดสินใจให้น้ำได้แม่นยำขึ้น,education,positive
ผลการเรียนวิชาภาษาอังกฤษยังต่ำกว่าเป้า,ผลการทดสอบทักษะภาษาอังกฤษของนักเรียนยังต่ำกว่าเป้าหมายที่กำหนด หน่วยงานเตรียมเพิ่มชั่วโมงฝึกทักษะการฟังและพูด รวมถึงใช้สื่อดิจิทัลช่วยเรียน,education,negative
เปิดรับสมัครครูอัตราจ้างเพิ่มในพื้นที่ขาดแคลน,สำนักงานเขตพื้นที่การศึกษาเปิดรับสมัครครูอัตราจ้างเพิ่มในโรงเรียนที่ขาดแคลน โดยเน้นวิชาที่ขาดมากที่สุด และให้ค่าตอบแทนพิเศษสำหรับพื้นที่ห่างไกล,education,neutral
โรงเรียนจัดระบบดูแลสุขภาพจิตนักเรียน,โรงเรียนตั้งระบบดูแลสุขภาพจิตนักเรียน โดยมีครูแนะแนวและนักจิตวิทยาให้คำปรึกษา ผลการดำเนินงานปีแรกพบว่านักเรียนกล้าขอความช่วยเหลือมากขึ้น,education,positive
ตำราเรียนส่งถึงโรงเรียนล่าช้า,โรงเรียนหลายแห่งรายงานว่าได้รับตำราเรียนล่าช้ากว่ากำหนดเปิดภาคเรียน ทำให้ครูต้องใช้เอกสารสำเนาแทน หน่วยงานเร่งประสานผู้จัดพิมพ์และผู้ขนส่ง,education,negative
งานวิจัยของนักศึกษาได้รับการตีพิมพ์ระดับนานาชาติ,ผลงานวิจัยของนักศึกษาระดับบัณฑิตศึกษาได้รับการตีพิมพ์ในวารสารวิชาการระดับนานาชาติ โดยศึกษาเรื่องการประมวลผลภาษาไทย อาจารย์ที่ปรึกษาแสดงความยินดี,education,positive
เพิ่มการเรียนการสอนเรื่องการเงินส่วนบุคคล,หลักสูตรใหม่เพิ่มเนื้อหาเรื่องการเงินส่วนบุคคลและการวางแผนหนี้สินในระดับมัธยม เพื่อให้นักเรียนมีทักษะจัดการเงินก่อนเข้าสู่วัยทำงาน,education,positive
ห้องเรียนแออัดเกินเกณฑ์ในโรงเรียนยอดนิยม,โรงเรียนยอดนิยมในเขตเมืองมีจำนวนนักเรียนต่อห้องเกินเกณฑ์ที่กำหนด ทำให้ครูดูแลได้ไม่ทั่วถึง หน่วยงานเตรียมกระจายโอกาสไปยังโรงเรียนใกล้เคียงที่มีคุณภาพ,education,negative
จัดสอบวัดความรู้ออนไลน์เป็นครั้งแรก,หน่วยงานจัดการสอบวัดความรู้ในรูปแบบออนไลน์เป็นครั้งแรก โดยมีระบบยืนยันตัวตนและป้องกันการทุจริต ผู้เข้าสอบส่วนใหญ่ระบุว่าระบบใช้งานได้ราบรื่น,education,neutral
นักเรียนได้ฝึกงานกับสถานประกอบการในพื้นที่,โรงเรียนจับคู่นักเรียนสายอาชีพกับสถานประกอบการในพื้นที่เพื่อฝึกงานช่วงปิดเทอม นักเรียนได้ประสบการณ์จริงและบางรายได้รับข้อเสนอทำงานหลังเรียนจบ,education,positive
ครูเกษียณจำนวนมาก กระทบอัตรากำลัง,ในปีการศึกษานี้มีครูเกษียณอายุราชการจำนวนมาก ทำให้หลายโรงเรียนขาดอัตรากำลัง หน่วยงานเร่งบรรจุครูใหม่และใช้ระบบครูหมุนเวียนช่วยในระยะสั้น,education,negative
ห้องเรียนธรรมชาติช่วยให้เด็กเรียนรู้ได้ดีขึ้น,โรงเรียนจัดการเรียนรู้นอกห้องเรียนในพื้นที่ธรรมชาติรอบโรงเรียน ผลประเมินพบว่านักเรียนจดจำเนื้อหาได้ดีขึ้นและมีทัศนคติต่อการเรียนวิทยาศาสตร์ดีขึ้น,education,positive
เปิดศูนย์การเรียนสำหรับเด็กที่ต้องการการดูแลพิเศษ,หน่วยงานเปิดศูนย์การเรียนสำหรับเด็กที่ต้องการการดูแลพิเศษในระดับจังหวัด มีครูการศึกษาพิเศษและนักกิจกรรมบำบัดประจำ ผู้ปกครองระบุว่าลดภาระการเดินทางไกล,education,positive
งบประมาณอุดหนุนรายหัวไม่เพียงพอต่อค่าใช้จ่ายจริง,ผู้บริหารโรงเรียนสะท้อนว่างบอุดหนุนรายหัวไม่เพียงพอต่อค่าใช้จ่ายที่เพิ่มขึ้น โดยเฉพาะค่าสาธารณูปโภค ทำให้ต้องระดมทุนจากผู้ปกครองและชุมชน,education,negative
นักเรียนแลกเปลี่ยนกลับมาถ่ายทอดประสบการณ์,นักเรียนที่ไปโครงการแลกเปลี่ยนต่างประเทศกลับมาจัดกิจกรรมถ่ายทอดประสบการณ์ให้รุ่นน้อง ทั้งเรื่องภาษาและวัฒนธรรม สร้างแรงบันดาลใจให้ผู้สนใจสมัครรุ่นถัดไป,education,positive
ปรับปรุงระบบอินเทอร์เน็ตในโรงเรียนทั่วเขต,หน่วยงานปรับปรุงระบบอินเทอร์เน็ตในโรงเรียนทั่วเขตพื้นที่ ทำให้ความเร็วเพียงพอต่อการใช้สื่อการสอนดิจิทัลพร้อมกันหลายห้องเรียน ครูระบุว่าสอนได้ลื่นไหลขึ้น,education,positive
ผลกระทบจากการปิดโรงเรียนขนาดเล็ก,การควบรวมโรงเรียนขนาดเล็กทำให้นักเรียนบางส่วนต้องเดินทางไกลขึ้น ผู้ปกครองกังวลเรื่องค่าเดินทางและความปลอดภัย หน่วยงานจัดรถรับส่งเพื่อบรรเทาผลกระทบ,education,negative
จัดอบรมการใช้เอไอเพื่อการเรียนการสอนให้ครู,หน่วยงานจัดอบรมให้ครูใช้เครื่องมือปัญญาประดิษฐ์ช่วยเตรียมสื่อการสอนและออกแบบแบบฝึกหัด พร้อมสอนเรื่องข้อจำกัดและการตรวจสอบความถูกต้องของเนื้อหา,education,positive
เตรียมขยายการศึกษาปฐมวัยให้ครอบคลุมมากขึ้น,หน่วยงานเตรียมขยายบริการการศึกษาปฐมวัยให้ครอบคลุมเด็กอายุสามปีขึ้นไปในทุกตำบล เพื่อวางรากฐานพัฒนาการก่อนเข้าประถมศึกษา,education,neutral
นักเรียนชนะการแข่งขันหุ่นยนต์ระดับประเทศ,ทีมนักเรียนจากโรงเรียนมัธยมชนะการแข่งขันหุ่นยนต์ระดับประเทศ ด้วยผลงานหุ่นยนต์คัดแยกขยะอัตโนมัติ และได้สิทธิ์เข้าแข่งขันในรายการระดับนานาชาติ,education,positive
ผู้เรียนสายอาชีพเพิ่มขึ้นสวนทางค่านิยมเดิม,สถิติการสมัครเรียนพบว่าจำนวนผู้เลือกเรียนสายอาชีพเพิ่มขึ้น สวนทางค่านิยมเดิมที่เน้นสายสามัญ ซึ่งสอดคล้องกับความต้องการแรงงานทักษะในภาคอุตสาหกรรม,education,positive
ข้อสอบรั่วในสนามสอบแห่งหนึ่ง,เกิดกรณีข้อสอบรั่วในสนามสอบแห่งหนึ่ง หน่วยงานสั่งยกเลิกผลสอบในสนามดังกล่าวและจัดสอบใหม่ พร้อมตั้งกรรมการสอบข้อเท็จจริงหาผู้รับผิดชอบ,education,negative
เปิดระบบติดตามผลการเรียนรายบุคคล,โรงเรียนเริ่มใช้ระบบติดตามผลการเรียนรายบุคคลที่ผู้ปกครองดูได้ผ่านมือถือ ทำให้ทราบพัฒนาการและจุดที่ต้องช่วยเหลือได้เร็วกว่าการรอสมุดพก,education,positive
บัณฑิตอาสาไปสอนในพื้นที่ห่างไกล,โครงการบัณฑิตอาสาส่งผู้จบการศึกษาไปช่วยสอนในโรงเรียนพื้นที่ห่างไกลเป็นเวลาหนึ่งปี ช่วยบรรเทาปัญหาขาดครูและสร้างประสบการณ์ให้ผู้เข้าร่วม,education,positive
หนี้กองทุนกู้ยืมเพื่อการศึกษาค้างชำระสูง,กองทุนเงินให้กู้ยืมเพื่อการศึกษารายงานยอดค้างชำระในระดับสูง จึงปรับแนวทางการติดตามให้ยืดหยุ่นตามความสามารถในการชำระ พร้อมให้คำปรึกษาด้านการเงิน,education,negative
เพิ่มชั่วโมงกิจกรรมพัฒนาทักษะชีวิต,หลักสูตรปรับเพิ่มชั่วโมงกิจกรรมพัฒนาทักษะชีวิต ทั้งการทำงานเป็นทีม การแก้ปัญหา และการสื่อสาร โดยลดชั่วโมงบรรยายลงตามสัดส่วน,education,neutral
ผู้ปกครองพอใจระบบรับสมัครเรียนออนไลน์,หลังเปลี่ยนมาใช้ระบบรับสมัครเรียนออนไลน์ ผู้ปกครองระบุว่าสะดวกขึ้นและไม่ต้องมาต่อคิวข้ามคืน โรงเรียนรายงานว่าการจัดการเอกสารเป็นระบบมากกว่าเดิม,education,positive
ภาพยนตร์ไทยทำรายได้เปิดตัวสูงสุดของปี,ภาพยนตร์ไทยเรื่องใหม่ทำรายได้เปิดตัวสัปดาห์แรกสูงสุดของปี โดยได้รับคำชมจากทั้งผู้ชมและนักวิจารณ์ในด้านบทและการแสดง ผู้จัดจำหน่ายเพิ่มรอบฉายในหลายจังหวัด,entertainment,positive
คอนเสิร์ตใหญ่ถูกเลื่อนกะทันหัน แฟนเพลงไม่พอใจ,ผู้จัดประกาศเลื่อนคอนเสิร์ตใหญ่ออกไปอย่างกะทันหันโดยอ้างเหตุด้านการผลิต ทำให้แฟนเพลงที่ซื้อบัตรและจองที่พักไว้แสดงความไม่พอใจ ผู้จัดแจ้งแนวทางคืนเงิน,entertainment,negative
ซีรีส์ไทยติดอันดับผู้ชมสูงสุดในต่างประเทศ,ซีรีส์ไทยเรื่องหนึ่งขึ้นติดอันดับผู้ชมสูงสุดในหลายประเทศบนแพลตฟอร์มสตรีมมิง ทำให้นักแสดงนำได้รับความสนใจในระดับภูมิภาคและมีงานต่างประเทศเข้ามาต่อเนื่อง,entertainment,positive
นักร้องปล่อยอัลบั้มใหม่หลังห่างหายไปสามปี,นักร้องชื่อดังปล่อยอัลบั้มเต็มชุดใหม่หลังห่างหายจากวงการไปสามปี โดยเปลี่ยนแนวเพลงไปทางอะคูสติก แฟนเพลงส่วนใหญ่ตอบรับดีในช่วงเปิดตัว,entertainment,positive
ประกาศรายชื่อผู้เข้าชิงรางวัลภาพยนตร์แห่งชาติ,คณะกรรมการประกาศรายชื่อผู้เข้าชิงรางวัลภาพยนตร์แห่งชาติในทุกสาขา โดยจะจัดพิธีมอบรางวัลในเดือนหน้า ปีนี้มีภาพยนตร์ส่งเข้าประกวดมากกว่าปีก่อน,entertainment,neutral
ละครเรื่องใหม่ถูกวิจารณ์เรื่องเนื้อหาไม่เหมาะสม,ละครเรื่องใหม่ถูกผู้ชมส่วนหนึ่งวิจารณ์ว่ามีเนื้อหาบางฉากไม่เหมาะสมกับช่วงเวลาออกอากาศ ผู้ผลิตชี้แจงว่าจะปรับการนำเสนอในตอนถัดไปและเพิ่มคำเตือน,entertainment,negative
"เทศกาลดนตรีกลางแจ้งมีผู้เข้าร่วมกว่า 40,000 คน","เทศกาลดนตรีกลางแจ้งจัดขึ้นสองวันและมีผู้เข้าร่วมรวมกว่า 40,000 คน ผู้จัดระบุว่าไม่มีเหตุร้ายและระบบขนส่งรองรับได้ดี ศิลปินหลายรายขึ้นแสดงตามกำหนด",entertainment,positive
นักแสดงประกาศพักงานเพื่อดูแลสุขภาพ,นักแสดงชื่อดังประกาศพักงานในวงการชั่วคราวเพื่อดูแลสุขภาพตามคำแนะนำของแพทย์ แฟนคลับส่งกำลังใจจำนวนมาก ต้นสังกัดยืนยันจะปรับตารางงานให้,entertainment,neutral
ภาพยนตร์สารคดีไทยได้รางวัลจากเทศกาลต่างประเทศ,ภาพยนตร์สารคดีของผู้กำกับไทยได้รับรางวัลจากเทศกาลภาพยนตร์ในต่างประเทศ โดยนำเสนอเรื่องราวชุมชนประมงพื้นบ้าน คณะกรรมการชื่นชมมุมมองที่ละเอียดอ่อน,entertainment,positive
ปัญหาบัตรคอนเสิร์ตถูกขายต่อในราคาสูง,แฟนเพลงร้องเรียนปัญหาบัตรคอนเสิร์ตถูกกวาดซื้อและนำไปขายต่อในราคาสูงหลายเท่า ผู้จัดประกาศใช้ระบบยืนยันตัวตนผู้ถือบัตรเพื่อลดการเก็งกำไรในรอบถัดไป,entertainment,negative
วงดนตรีอินดี้ไทยได้ไปแสดงในเทศกาลระดับโลก,วงดนตรีอินดี้จากไทยได้รับเชิญไปแสดงในเทศกาลดนตรีระดับโลก ซึ่งเป็นครั้งแรกของวง สมาชิกระบุว่าเป็นโอกาสสำคัญในการเผยแพร่ดนตรีไทยสู่ผู้ฟังต่างชาติ,entertainment,positive
ผู้กำกับเปิดตัวโครงการภาพยนตร์เรื่องใหม่,ผู้กำกับชาวไทยเปิดตัวโครงการภาพยนตร์เรื่องใหม่ที่จะเริ่มถ่ายทำปลายปีนี้ โดยร่วมทุนกับผู้ผลิตต่างประเทศ และประกาศเปิดคัดเลือกนักแสดงหน้าใหม่,entertainment,neutral
ยอดผู้ชมละครช่วงไพรม์ไทม์ลดลง,สถานีโทรทัศน์รายงานว่ายอดผู้ชมละครช่วงไพรม์ไทม์ลดลงต่อเนื่อง เนื่องจากผู้ชมย้ายไปดูผ่านแพลตฟอร์มออนไลน์ตามเวลาที่สะดวก สถานีปรับกลยุทธ์เผยแพร่ควบคู่,entertainment,negative
เปิดพิพิธภัณฑ์ภาพยนตร์ให้เข้าชมฟรี,หน่วยงานเปิดพิพิธภัณฑ์ภาพยนตร์ที่รวบรวมประวัติศาสตร์ภาพยนตร์ไทยให้เข้าชมฟรีในช่วงเปิดตัว มีผู้สนใจเข้าชมเต็มทุกรอบในสัปดาห์แรก,entertainment,positive
ศิลปินร่วมจัดคอนเสิร์ตการกุศลช่วยผู้ประสบภัย,กลุ่มศิลปินหลายวงร่วมกันจัดคอนเสิร์ตการกุศลเพื่อระดมทุนช่วยผู้ประสบภัยน้ำท่วม ยอดบริจาครวมเกินเป้าหมายที่ตั้งไว้ และจะส่งมอบผ่านมูลนิธิที่ทำงานในพื้นที่,entertainment,positive
ถกเถียงเรื่องการใช้เอไอสร้างเสียงนักร้อง,วงการเพลงถกเถียงถึงการนำปัญญาประดิษฐ์มาสร้างเสียงร้องเลียนแบบศิลปิน ทั้งประเด็นสิทธิในเสียงและการให้ค่าตอบแทน หน่วยงานเริ่มศึกษาแนวทางกำกับดูแล,entertainment,neutral
นักแสดงหน้าใหม่ได้รับคำชมจากบทบาทแรก,นักแสดงหน้าใหม่ได้รับคำชมอย่างกว้างขวางจากบทบาทแรกในภาพยนตร์ดรามา นักวิจารณ์ระบุว่าถ่ายทอดอารมณ์ได้เป็นธรรมชาติเกินวัย และคาดว่าจะมีอนาคตไกล,entertainment,positive
เทศกาลหนังสั้นเปิดรับผลงานจากนักเรียนนักศึกษา,ผู้จัดเทศกาลหนังสั้นเปิดรับผลงานจากนักเรียนและนักศึกษาโดยไม่มีค่าสมัคร เพื่อเปิดพื้นที่ให้ผู้สร้างรุ่นใหม่ ปีนี้มีผลงานส่งเข้าประกวดมากกว่า 400 เรื่อง,entertainment,positive
รายการวาไรตี้ถูกปรับหลังเนื้อหาไม่เหมาะสม,คณะกรรมการกำกับกิจการกระจายเสียงสั่งปรับรายการวาไรตี้รายหนึ่ง หลังพบเนื้อหาไม่เหมาะสมกับผู้ชมทุกวัยในช่วงเวลาที่ออกอากาศ ผู้ผลิตรับทราบและปรับเนื้อหา,entertainment,negative
ยอดขายบัตรละครเวทีเพิ่มขึ้นชัดเจน,คณะละครเวทีรายงานยอดขายบัตรเพิ่มขึ้นชัดเจนในฤดูกาลนี้ โดยเฉพาะกลุ่มผู้ชมวัยรุ่นและวัยทำงาน ผู้จัดเพิ่มรอบการแสดงเพื่อรองรับความต้องการ,entertainment,positive
ศิลปินถูกวิจารณ์เรื่องการแสดงความคิดเห็นในโซเชียล,ศิลปินรายหนึ่งถูกวิจารณ์จากการแสดงความคิดเห็นในสื่อสังคมออนไลน์ ต่อมาได้ออกมาชี้แจงและขออภัยหากทำให้เข้าใจผิด ต้นสังกัดขอให้ระมัดระวังการสื่อสาร,entertainment,negative
งานมหกรรมหนังสือมีผู้เข้าชมล้นหลาม,งานมหกรรมหนังสือประจำปีมีผู้เข้าชมล้นหลามตลอดสิบวัน สำนักพิมพ์รายงานยอดขายเพิ่มขึ้นจากปีก่อน โดยหมวดวรรณกรรมแปลและหนังสือเด็กขายดีที่สุด,entertainment,positive
เพลงประกอบซีรีส์ขึ้นอันดับหนึ่งชาร์ตสตรีมมิง,เพลงประกอบซีรีส์ขึ้นอันดับหนึ่งบนชาร์ตสตรีมมิงในประเทศติดต่อกันสามสัปดาห์ ทำให้ศิลปินผู้ขับร้องได้รับความนิยมเพิ่มขึ้นในกลุ่มผู้ฟังรุ่นใหม่,entertainment,positive
โรงภาพยนตร์ปรับราคาตั๋วขึ้น ผู้ชมบ่น,เครือโรงภาพยนตร์ประกาศปรับราคาตั๋วขึ้นในบางสาขาโดยอ้างต้นทุนที่เพิ่ม ผู้ชมส่วนหนึ่งแสดงความไม่พอใจและระบุว่าจะรอชมผ่านสตรีมมิงแทน,entertainment,negative
เปิดตัวแพลตฟอร์มสตรีมมิงเนื้อหาไทย,ผู้ประกอบการเปิดตัวแพลตฟอร์มสตรีมมิงที่เน้นเนื้อหาไทยและภูมิภาค พร้อมรองรับคำบรรยายหลายภาษา ผู้ผลิตรายย่อยมองว่าเป็นช่องทางเผยแพร่ผลงานเพิ่ม,entertainment,positive
งานประกาศรางวัลจัดในรูปแบบไฮบริดครั้งแรก,งานประกาศรางวัลวงการบันเทิงจัดในรูปแบบไฮบริดเป็นครั้งแรก โดยผสมการจัดในสถานที่และการถ่ายทอดสดออนไลน์ ผู้ชมทางบ้านรับชมได้พร้อมกันหลายแสนคน,entertainment,neutral
นักแสดงตลกอาวุโสได้รับการเชิดชูเกียรติ,นักแสดงตลกอาวุโสได้รับการเชิดชูเกียรติจากผลงานที่สร้างเสียงหัวเราะให้คนไทยกว่าสี่ทศวรรษ ในงานมีเพื่อนร่วมวงการมาร่วมแสดงความยินดีจำนวนมาก,entertainment,positive
กองถ่ายถูกร้องเรียนเรื่องการปิดถนน,ผู้อยู่อาศัยร้องเรียนกองถ่ายละครที่ปิดถนนในชุมชนโดยไม่แจ้งล่วงหน้า ทำให้การสัญจรติดขัด ผู้ผลิตขออภัยและปรับแผนการถ่ายทำพร้อมประสานหน่วยงานท้องถิ่น,entertainment,negative
ภาพยนตร์แอนิเมชันไทยเข้าฉายในหลายประเทศ,ภาพยนตร์แอนิเมชันที่ผลิตโดยทีมงานไทยได้เข้าฉายในหลายประเทศในเอเชีย โดยเนื้อเรื่องอ้างอิงนิทานพื้นบ้าน ผู้ชมต่างชาติชื่นชมงานภาพและดนตรีประกอบ,entertainment,positive
ค่าลิขสิทธิ์เพลงในร้านค้าเป็นประเด็นถกเถียง,ผู้ประกอบการร้านค้าและผู้จัดเก็บค่าลิขสิทธิ์เพลงถกเถียงเรื่องอัตราค่าธรรมเนียมและวิธีจัดเก็บ หน่วยงานเปิดเวทีหารือเพื่อหาแนวทางที่เป็นธรรมกับทุกฝ่าย,entertainment,neutral
ศิลปินเปิดคลาสสอนดนตรีฟรีให้เยาวชน,ศิลปินกลุ่มหนึ่งร่วมกันเปิดคลาสสอนดนตรีฟรีให้เยาวชนในชุมชน โดยใช้เวลาช่วงวันหยุด มีเยาวชนสมัครเข้าเรียนเต็มจำนวนและมีการตั้งวงดนตรีของชุมชนขึ้น,entertainment,positive
ละครรีเมกได้รับเสียงตอบรับดีเกินคาด,ละครที่นำกลับมาสร้างใหม่ได้รับเสียงตอบรับดีเกินคาด ทั้งจากผู้ชมกลุ่มเดิมและกลุ่มใหม่ ผู้ผลิตระบุว่าปรับบทให้เข้ากับยุคสมัยโดยยังรักษาแก่นเรื่องไว้,entertainment,positive
งานอีเวนต์ถูกยกเลิกเพราะสภาพอากาศ,ผู้จัดประกาศยกเลิกงานอีเวนต์กลางแจ้งเนื่องจากพายุฝน เพื่อความปลอดภัยของผู้เข้าร่วม โดยจะคืนเงินค่าบัตรเต็มจำนวนและประกาศวันจัดใหม่ภายหลัง,entertainment,negative
นักเขียนไทยได้รับรางวัลวรรณกรรมภูมิภาค,นักเขียนชาวไทยได้รับรางวัลวรรณกรรมระดับภูมิภาคจากผลงานนวนิยายที่เล่าเรื่องแรงงานย้ายถิ่น คณะกรรมการชื่นชมภาษาและการสร้างตัวละครที่มีมิติ,entertainment,positive
แฟนคลับรวมตัวทำกิจกรรมสาธารณประโยชน์,กลุ่มแฟนคลับศิลปินรวมตัวทำกิจกรรมสาธารณประโยชน์ในวันเกิดศิลปิน ทั้งบริจาคเลือดและมอบอุปกรณ์การเรียนให้โรงเรียนขาดแคลน แทนการซื้อของขวัญ,entertainment,positive
รายการเรียลลิตีถูกตั้งคำถามเรื่องความจริง,ผู้ชมตั้งคำถามต่อรายการเรียลลิตีเรื่องความเป็นธรรมชาติของเหตุการณ์ในรายการ ผู้ผลิตชี้แจงกระบวนการถ่ายทำและยืนยันว่าไม่มีการกำหนดบทให้ผู้เข้าแข่งขัน,entertainment,neutral
เพลงลูกทุ่งกลับมาได้รับความนิยมในกลุ่มวัยรุ่น,ผู้ให้บริการสตรีมมิงรายงานว่ายอดฟังเพลงลูกทุ่งในกลุ่มผู้ฟังวัยรุ่นเพิ่มขึ้นชัดเจน ส่วนหนึ่งมาจากการนำไปใช้ประกอบคลิปสั้น ทำให้ศิลปินรุ่นใหม่มีพื้นที่มากขึ้น,entertainment,positive
ผู้จัดคอนเสิร์ตขอโทษเรื่องการจัดการที่นั่ง,ผู้จัดคอนเสิร์ตออกแถลงการณ์ขอโทษผู้ชม หลังเกิดปัญหาการจัดการที่นั่งและการเข้างานล่าช้า พร้อมเสนอมาตรการเยียวยาให้ผู้ที่ได้รับผลกระทบ,entertainment,negative
เปิดตัวหอศิลป์ร่วมสมัยในต่างจังหวัด,หอศิลป์ร่วมสมัยแห่งใหม่เปิดตัวในต่างจังหวัด จัดแสดงผลงานศิลปินท้องถิ่นและมีพื้นที่เวิร์กชอปสำหรับเยาวชน ผู้เข้าชมในสัปดาห์แรกเกินความคาดหมาย,entertainment,positive
ภาพยนตร์ทำรายได้ต่ำกว่าเป้าอย่างมาก,ภาพยนตร์ฟอร์มใหญ่ทำรายได้ต่ำกว่าเป้าที่ตั้งไว้อย่างมากในสัปดาห์แรก ผู้จัดจำหน่ายลดจำนวนรอบฉาย นักวิเคราะห์มองว่าการสื่อสารการตลาดไม่ชัดเจน,entertainment,negative
นักดนตรีไทยร่วมงานกับศิลปินต่างชาติ,นักดนตรีไทยร่วมงานกับศิลปินต่างชาติในซิงเกิลใหม่ ซึ่งผสมเครื่องดนตรีไทยกับดนตรีอิเล็กทรอนิกส์ ได้รับความสนใจจากผู้ฟังทั้งในและต่างประเทศ,entertainment,positive
ประกาศผังรายการใหม่ของสถานีโทรทัศน์,สถานีโทรทัศน์ประกาศผังรายการใหม่ที่จะเริ่มใช้เดือนหน้า โดยเพิ่มรายการข่าวเชิงวิเคราะห์และลดรายการซ้ำในช่วงบ่าย ผู้ชมสามารถดูผังฉบับเต็มได้ทางเว็บไซต์,entertainment,neutral
ละครสั้นออนไลน์ได้รับความนิยมเพิ่มขึ้น,ผู้ผลิตเนื้อหารายงานว่าละครสั้นรูปแบบตอนละไม่กี่นาทีได้รับความนิยมเพิ่มขึ้นบนแพลตฟอร์มออนไลน์ เนื่องจากเหมาะกับพฤติกรรมการดูระหว่างเดินทาง,entertainment,positive
เกิดข้อพิพาทเรื่องลิขสิทธิ์บทประพันธ์,เกิดข้อพิพาทระหว่างผู้ผลิตและเจ้าของบทประพันธ์เรื่องขอบเขตการดัดแปลง ทั้งสองฝ่ายเข้าสู่กระบวนการเจรจา โดยการออกอากาศยังดำเนินต่อไปตามกำหนด,entertainment,negative
เทศกาลวัฒนธรรมดึงนักท่องเที่ยวเข้าพื้นที่,เทศกาลวัฒนธรรมประจำจังหวัดดึงนักท่องเที่ยวเข้าพื้นที่จำนวนมาก ผู้ประกอบการที่พักและร้านอาหารรายงานรายได้เพิ่มขึ้น ผู้จัดเตรียมขยายกิจกรรมในปีถัดไป,entertainment,positive
นักแสดงได้รับบาดเจ็บระหว่างถ่ายทำ,นักแสดงได้รับบาดเจ็บเล็กน้อยระหว่างถ่ายทำฉากแอ็กชัน ทีมงานหยุดถ่ายทำและนำส่งโรงพยาบาลทันที ผู้กำกับสั่งทบทวนมาตรการความปลอดภัยในกองถ่าย,entertainment,negative
ผลงานศิลปะของศิลปินไทยถูกจัดแสดงในต่างประเทศ,ผลงานของศิลปินไทยได้รับเลือกไปจัดแสดงในนิทรรศการระดับนานาชาติ โดยนำเสนอประเด็นสิ่งแวดล้อมผ่านงานจัดวาง ผู้ชมต่างชาติให้ความสนใจอย่างมาก,entertainment,positive
ปรับเรตติงรายการให้เหมาะกับผู้ชม,หน่วยงานกำกับดูแลปรับปรุงระบบจัดเรตติงรายการโทรทัศน์ให้ชัดเจนขึ้น พร้อมกำหนดให้แสดงสัญลักษณ์ตลอดการออกอากาศ เพื่อช่วยผู้ปกครองเลือกเนื้อหาให้เด็ก,entertainment,neutral
ยอดผู้ติดตามช่องออนไลน์ของศิลปินโตเร็ว,ช่องออนไลน์ของศิลปินรายหนึ่งมียอดผู้ติดตามเติบโตเร็วหลังปล่อยคอนเทนต์เบื้องหลังการทำเพลง ผู้ติดตามระบุว่าชอบความจริงใจและการเล่าเรื่องกระบวนการทำงาน,entertainment,positive
วงการเพลงเผชิญปัญหารายได้จากสตรีมมิงต่ำ,ศิลปินอิสระสะท้อนว่ารายได้จากการสตรีมมิงต่อการเล่นหนึ่งครั้งอยู่ในระดับต่ำ ทำให้ต้องพึ่งรายได้จากการแสดงสด สมาคมเรียกร้องให้ทบทวนสัดส่วนการแบ่งรายได้,entertainment,negative
การเจรจาการค้าระหว่างสองประเทศคืบหน้า,ตัวแทนการค้าของสองประเทศแถลงว่าการเจรจาความตกลงการค้าเสรีมีความคืบหน้าในหลายหมวดสินค้า และคาดว่าจะสรุปผลได้ภายในปีนี้ ภาคเอกชนแสดงความยินดี,international,positive
สหประชาชาติเรียกร้องให้ยุติการสู้รบ,ที่ประชุมคณะมนตรีความมั่นคงแห่งสหประชาชาติออกแถลงการณ์เรียกร้องให้ทุกฝ่ายยุติการสู้รบและเปิดทางให้ความช่วยเหลือด้านมนุษยธรรมเข้าถึงพลเรือน,international,neutral
ผู้อพยพเพิ่มขึ้นบริเวณชายแดน,หน่วยงานระหว่างประเทศรายงานว่าจำนวนผู้อพยพบริเวณชายแดนเพิ่มขึ้นจากสถานการณ์ความไม่สงบ ทำให้ศูนย์พักพิงแออัดและขาดแคลนน้ำสะอาดกับยา,international,negative
ไทยลงนามความร่วมมือด้านพลังงานกับประเทศเพื่อนบ้าน,รัฐบาลไทยลงนามบันทึกความเข้าใจด้านพลังงานสะอาดกับประเทศเพื่อนบ้าน ครอบคลุมการเชื่อมโยงระบบสายส่งและการลงทุนในโครงการพลังงานหมุนเวียนร่วมกัน,international,positive
อาเซียนหารือแนวทางรับมือภัยพิบัติร่วมกัน,ที่ประชุมรัฐมนตรีอาเซียนหารือแนวทางความร่วมมือรับมือภัยพิบัติในภูมิภาค ทั้งการแบ่งปันข้อมูลเตือนภัยและการจัดตั้งคลังสิ่งของช่วยเหลือส่วนกลาง,international,positive
ความตึงเครียดทางการค้าส่งผลต่อตลาดโลก,ความตึงเครียดทางการค้าระหว่างประเทศเศรษฐกิจขนาดใหญ่ส่งผลให้ตลาดหุ้นทั่วโลกผันผวน นักวิเคราะห์เตือนว่าห่วงโซ่อุปทานอาจได้รับผลกระทบในระยะกลาง,international,negative
ประเทศเพื่อนบ้านเปิดพรมแดนอำนวยความสะดวกการเดินทาง,ประเทศเพื่อนบ้านประกาศผ่อนคลายมาตรการข้ามแดนและขยายเวลาทำการของจุดผ่านแดน ทำให้การเดินทางและการค้าชายแดนสะดวกขึ้นอย่างชัดเจน,international,positive
เกิดเหตุแผ่นดินไหวรุนแรงในต่างประเทศ,เกิดแผ่นดินไหวรุนแรงในต่างประเทศ ทำให้มีผู้เสียชีวิตและบาดเจ็บจำนวนมาก หลายประเทศรวมถึงไทยส่งทีมกู้ภัยและสิ่งของช่วยเหลือเข้าไปสนับสนุน,international,negative
ไทยส่งทีมแพทย์ช่วยเหลือผู้ประสบภัยต่างประเทศ,รัฐบาลไทยส่งทีมแพทย์และเวชภัณฑ์ไปช่วยเหลือผู้ประสบภัยในต่างประเทศ ทีมงานระบุว่าจะปฏิบัติงานร่วมกับหน่วยงานท้องถิ่นเป็นเวลาสองสัปดาห์,international,positive
การประชุมสภาพภูมิอากาศบรรลุข้อตกลงบางส่วน,การประชุมระหว่างประเทศด้านสภาพภูมิอากาศบรรลุข้อตกลงในบางประเด็น โดยเฉพาะกองทุนช่วยเหลือประเทศที่ได้รับผลกระทบ แต่ยังไม่มีข้อผูกพันเรื่องเป้าลดการปล่อยที่ชัดเจน,international,neutral
สถานทูตเตือนคนไทยในต่างประเทศระวังภัย,สถานเอกอัครราชทูตออกประกาศเตือนคนไทยในบางพื้นที่ให้ระวังความไม่สงบและหลีกเลี่ยงการเดินทางไปยังจุดเสี่ยง พร้อมแจ้งช่องทางติดต่อฉุกเฉิน,international,neutral
ข้อตกลงยกเว้นวีซ่าช่วยการท่องเที่ยวสองประเทศ,ข้อตกลงยกเว้นการตรวจลงตราระหว่างสองประเทศมีผลบังคับใช้ ทำให้จำนวนนักท่องเที่ยวเดินทางระหว่างกันเพิ่มขึ้นชัดเจนในเดือนแรก ผู้ประกอบการท่องเที่ยวได้ประโยชน์,international,positive
ราคาพลังงานโลกผันผวนจากความขัดแย้ง,ราคาน้ำมันในตลาดโลกผันผวนจากความขัดแย้งในภูมิภาคผู้ผลิต ทำให้ประเทศผู้นำเข้ารวมถึงไทยเผชิญความไม่แน่นอนด้านต้นทุนพลังงานในระยะสั้น,international,negative
ไทยได้รับเลือกเป็นเจ้าภาพการประชุมระหว่างประเทศ,ไทยได้รับเลือกเป็นเจ้าภาพจัดการประชุมระหว่างประเทศด้านสาธารณสุขในปีหน้า คาดว่าจะมีผู้แทนจากกว่า 60 ประเทศเข้าร่วม ซึ่งช่วยส่งเสริมภาพลักษณ์และรายได้,international,positive
องค์การอนามัยโลกเตือนสถานการณ์โรคระบาดในบางภูมิภาค,องค์การอนามัยโลกออกคำเตือนเรื่องการระบาดของโรคติดต่อในบางภูมิภาค และแนะให้ประเทศสมาชิกเสริมระบบเฝ้าระวังและการตรวจวินิจฉัยที่ด่านเข้าออก,international,neutral
ความช่วยเหลือด้านมนุษยธรรมเข้าถึงพื้นที่ได้แล้ว,หลังการเจรจาหลายรอบ ขบวนความช่วยเหลือด้านมนุษยธรรมสามารถเข้าถึงพื้นที่ที่ถูกปิดล้อมได้ ทำให้ประชาชนหลายหมื่นคนได้รับอาหารและยาที่จำเป็น,international,positive
การส่งออกไปตลาดหลักลดลงจากเศรษฐกิจชะลอ,ผู้ส่งออกรายงานว่าคำสั่งซื้อจากตลาดหลักในต่างประเทศลดลงตามภาวะเศรษฐกิจที่ชะลอตัว จึงเร่งกระจายไปตลาดใหม่ในเอเชียใต้และตะวันออกกลาง,international,negative
สองประเทศฟื้นความสัมพันธ์ทางการทูต,สองประเทศประกาศฟื้นความสัมพันธ์ทางการทูตอย่างเป็นทางการหลังหยุดชะงักมาหลายปี โดยจะเปิดสถานทูตและแลกเปลี่ยนเอกอัครราชทูตในเร็ววัน,international,positive
แรงงานไทยในต่างประเทศได้รับการดูแลเพิ่มขึ้น,กระทรวงแรงงานร่วมกับสถานทูตขยายบริการช่วยเหลือแรงงานไทยในต่างประเทศ ทั้งการให้คำปรึกษาด้านสัญญาจ้างและช่องทางร้องเรียนเมื่อถูกเอาเปรียบ,international,positive
เกิดเหตุความไม่สงบในเมืองหลวงต่างประเทศ,เกิดเหตุความไม่สงบในเมืองหลวงของประเทศหนึ่ง ทำให้มีการปิดสนามบินชั่วคราวและกระทบผู้เดินทาง สายการบินปรับตารางบินและแจ้งผู้โดยสารเรื่องการเปลี่ยนเที่ยวบิน,international,negative
ประเทศต่าง ๆ ร่วมลงนามความตกลงคุ้มครองมหาสมุทร,หลายประเทศร่วมลงนามความตกลงระหว่างประเทศเพื่อคุ้มครองความหลากหลายทางชีวภาพในทะเลหลวง ซึ่งจะกำหนดพื้นที่คุ้มครองและกลไกประเมินผลกระทบ,international,positive
เจรจาแก้ปัญหาหมอกควันข้ามแดนในภูมิภาค,ผู้แทนประเทศในภูมิภาคประชุมหารือแนวทางลดปัญหาหมอกควันข้ามแดน โดยตกลงจะแบ่งปันข้อมูลจุดความร้อนและร่วมมือควบคุมการเผาในพื้นที่เกษตร,international,positive
ค่าเงินในหลายประเทศอ่อนค่าเทียบดอลลาร์,สกุลเงินของหลายประเทศในเอเชียอ่อนค่าลงเทียบดอลลาร์สหรัฐ จากทิศทางอัตราดอกเบี้ยของธนาคารกลางสหรัฐ ทำให้ต้นทุนนำเข้าและภาระหนี้ต่างประเทศสูงขึ้น,international,negative
นักเรียนไทยได้ทุนไปศึกษาต่อในต่างประเทศ,หน่วยงานประกาศรายชื่อนักเรียนที่ได้รับทุนไปศึกษาต่อระดับปริญญาในต่างประเทศ ครอบคลุมสาขาวิทยาศาสตร์และเทคโนโลยี ผู้ได้รับทุนจะเดินทางในภาคเรียนหน้า,international,positive
ประเทศคู่ค้าออกมาตรการกีดกันทางการค้าใหม่,ประเทศคู่ค้ารายหนึ่งประกาศมาตรการทางการค้าที่เข้มงวดขึ้นกับสินค้าบางประเภท ผู้ส่งออกไทยที่เกี่ยวข้องได้รับผลกระทบและขอให้ภาครัฐเจรจาผ่อนปรน,international,negative
ความร่วมมือด้านการวิจัยระหว่างมหาวิทยาลัยข้ามชาติ,มหาวิทยาลัยไทยลงนามความร่วมมือวิจัยกับสถาบันในต่างประเทศ ครอบคลุมการแลกเปลี่ยนนักวิจัยและการใช้ห้องปฏิบัติการร่วม ในสาขาการแพทย์และพลังงาน,international,positive
ผู้นำประเทศเยือนไทยอย่างเป็นทางการ,ผู้นำประเทศหนึ่งเดินทางเยือนไทยอย่างเป็นทางการ โดยมีการหารือเรื่องการค้า การลงทุน และความร่วมมือด้านความมั่นคง พร้อมลงนามเอกสารความร่วมมือหลายฉบับ,international,neutral
องค์กรระหว่างประเทศปรับลดคาดการณ์เศรษฐกิจโลก,องค์กรระหว่างประเทศปรับลดคาดการณ์การเติบโตของเศรษฐกิจโลกลง โดยอ้างความไม่แน่นอนทางภูมิรัฐศาสตร์และอัตราดอกเบี้ยที่ยังอยู่ในระดับสูง,international,negative
ไทยและประเทศเพื่อนบ้านร่วมมือปราบปรามอาชญากรรมข้ามชาติ,หน่วยงานบังคับใช้กฎหมายของไทยและประเทศเพื่อนบ้านลงนามความร่วมมือปราบปรามอาชญากรรมข้ามชาติ ทั้งการค้ามนุษย์และแก๊งหลอกลวงออนไลน์,international,positive
เที่ยวบินระหว่างประเทศเพิ่มเส้นทางใหม่,สายการบินประกาศเพิ่มเส้นทางบินระหว่างประเทศใหม่หลายเส้นทางจากไทย ทำให้การเดินทางสะดวกขึ้นและช่วยส่งเสริมการท่องเที่ยวทั้งขาเข้าและขาออก,international,positive
ข้อพิพาทเขตแดนทางทะเลยังไม่มีข้อยุติ,การเจรจาข้อพิพาทเขตแดนทางทะเลระหว่างสองประเทศยังไม่มีข้อยุติ โดยทั้งสองฝ่ายตกลงจะหารือรอบถัดไปและงดกิจกรรมที่อาจเพิ่มความตึงเครียดในพื้นที่,international,neutral
ประเทศพัฒนาแล้วประกาศเพิ่มเงินช่วยเหลือด้านสภาพภูมิอากาศ,กลุ่มประเทศพัฒนาแล้วประกาศเพิ่มเงินสนับสนุนให้ประเทศกำลังพัฒนาปรับตัวต่อการเปลี่ยนแปลงสภาพภูมิอากาศ องค์กรภาคประชาสังคมมองว่าเป็นก้าวที่ดีแต่ยังไม่พอ,international,positive
เกิดอุบัติเหตุขนส่งทางรางในต่างประเทศ,เกิดอุบัติเหตุรถไฟตกรางในต่างประเทศ ทำให้มีผู้บาดเจ็บจำนวนมาก หน่วยงานสอบสวนเบื้องต้นระบุว่าอาจเกี่ยวข้องกับสภาพรางและระบบสัญญาณ,international,negative
ไทยเข้าร่วมกรอบความร่วมมือเศรษฐกิจดิจิทัล,ไทยเข้าร่วมกรอบความร่วมมือด้านเศรษฐกิจดิจิทัลระดับภูมิภาค ครอบคลุมการอำนวยความสะดวกการค้าดิจิทัลและการคุ้มครองข้อมูลข้ามพรมแดน,international,positive
ผู้ลี้ภัยได้รับการตั้งถิ่นฐานใหม่ในประเทศที่สาม,องค์กรระหว่างประเทศแจ้งว่าผู้ลี้ภัยกลุ่มหนึ่งได้รับการตั้งถิ่นฐานใหม่ในประเทศที่สามเรียบร้อย โดยได้รับการสนับสนุนด้านที่อยู่อาศัยและการเรียนภาษา,international,positive
การประชุมสุดยอดไม่สามารถออกแถลงการณ์ร่วม,การประชุมสุดยอดระหว่างประเทศจบลงโดยไม่สามารถออกแถลงการณ์ร่วมได้ เนื่องจากความเห็นต่างในประเด็นสำคัญ ประธานที่ประชุมออกเอกสารสรุปในนามตนเองแทน,international,negative
ความร่วมมือด้านความมั่นคงทางอาหารในภูมิภาค,ประเทศในภูมิภาคตกลงร่วมมือด้านความมั่นคงทางอาหาร ทั้งการสำรองข้าวฉุกเฉินและการแบ่งปันข้อมูลผลผลิต เพื่อลดความผันผวนของราคาในช่วงวิกฤต,international,positive
เตือนภัยการเดินทางในบางประเทศระดับสูงขึ้น,กระทรวงการต่างประเทศปรับระดับคำเตือนการเดินทางในบางประเทศให้สูงขึ้น หลังสถานการณ์ความปลอดภัยเปลี่ยนแปลง และแนะให้ผู้ที่จำเป็นต้องเดินทางลงทะเบียนกับสถานทูต,international,neutral
สินค้าไทยได้รับการรับรองมาตรฐานในตลาดใหม่,สินค้าเกษตรแปรรูปของไทยได้รับการรับรองมาตรฐานเพื่อเข้าสู่ตลาดใหม่ในต่างประเทศ ทำให้ผู้ส่งออกเริ่มส่งล็อตแรกได้ในไตรมาสนี้,international,positive
อัตราเงินเฟ้อในหลายประเทศชะลอลง,ธนาคารกลางในหลายประเทศรายงานว่าอัตราเงินเฟ้อชะลอลงเข้าใกล้กรอบเป้าหมาย ซึ่งเปิดโอกาสให้ผ่อนคลายนโยบายการเงินได้ในระยะถัดไป,international,positive
เกิดเหตุโจมตีทางไซเบอร์ต่อหน่วยงานรัฐต่างประเทศ,หน่วยงานรัฐของประเทศหนึ่งถูกโจมตีทางไซเบอร์ ทำให้บริการออนไลน์หยุดให้บริการชั่วคราว หน่วยงานความมั่นคงไซเบอร์ระหว่างประเทศร่วมกันตรวจสอบต้นตอ,international,negative
เจรจาสันติภาพเริ่มต้นรอบใหม่,คู่ขัดแย้งเริ่มการเจรจาสันติภาพรอบใหม่โดยมีประเทศที่สามเป็นคนกลาง วาระแรกคือการหยุดยิงชั่วคราวและการแลกเปลี่ยนผู้ถูกคุมขัง,international,neutral
นักกีฬาไทยไปแข่งขันในต่างประเทศได้เหรียญรางวัล,นักกีฬาไทยที่เดินทางไปแข่งขันรายการระดับนานาชาติในต่างประเทศคว้าเหรียญรางวัลกลับมาหลายรายการ สร้างความยินดีให้แฟนกีฬาในประเทศ,international,positive
มาตรการภาษีคาร์บอนของต่างประเทศกระทบผู้ส่งออก,ผู้ส่งออกไทยเตรียมรับมือมาตรการภาษีคาร์บอนของประเทศคู่ค้า ซึ่งจะเพิ่มต้นทุนสำหรับสินค้าที่มีการปล่อยคาร์บอนสูง ภาครัฐจัดอบรมการคำนวณคาร์บอนฟุตพรินต์,international,negative
ความร่วมมือด้านการศึกษาข้ามประเทศขยายตัว,สถาบันการศึกษาไทยและต่างประเทศขยายความร่วมมือหลักสูตรร่วม ทำให้นักศึกษาสามารถเรียนและได้รับปริญญาจากทั้งสองสถาบัน ผู้สนใจสมัครเพิ่มขึ้นมาก,international,positive
ปัญหาการขาดแคลนแรงงานในประเทศพัฒนาแล้ว,หลายประเทศพัฒนาแล้วเผชิญปัญหาขาดแคลนแรงงานจากโครงสร้างประชากรสูงวัย จึงผ่อนคลายเกณฑ์รับแรงงานต่างชาติในบางสาขาอาชีพที่ขาดแคลนมากที่สุด,international,neutral
ไทยได้รับการจัดอันดับความสะดวกในการทำธุรกิจดีขึ้น,รายงานระหว่างประเทศจัดอันดับให้ไทยมีความสะดวกในการทำธุรกิจดีขึ้นจากปีก่อน โดยได้คะแนนเพิ่มในด้านการเริ่มต้นธุรกิจและการค้าระหว่างประเทศ,international,positive
ความขัดแย้งยืดเยื้อกระทบราคาอาหารโลก,ความขัดแย้งที่ยืดเยื้อในภูมิภาคผู้ผลิตธัญพืชส่งผลให้ราคาอาหารในตลาดโลกยังอยู่ในระดับสูง กระทบประเทศผู้นำเข้าและกลุ่มเปราะบางมากที่สุด,international,negative
เปิดเส้นทางรถไฟเชื่อมสองประเทศ,เส้นทางรถไฟเชื่อมระหว่างสองประเทศเปิดให้บริการอย่างเป็นทางการ ช่วยลดเวลาขนส่งสินค้าและเปิดโอกาสการเดินทางท่องเที่ยวทางรางในภูมิภาค,international,positive
หลายประเทศตกลงมาตรฐานร่วมด้านปัญญาประดิษฐ์,ผู้แทนจากหลายประเทศตกลงกรอบมาตรฐานร่วมด้านการพัฒนาปัญญาประดิษฐ์อย่างรับผิดชอบ ครอบคลุมความโปร่งใส การตรวจสอบได้ และการคุ้มครองผู้ใช้,international,positive
บริษัทจดทะเบียนรายงานกำไรสุทธิเพิ่มขึ้นร้อยละ 18,บริษัทจดทะเบียนในตลาดหลักทรัพย์รายงานกำไรสุทธิไตรมาสล่าสุดเพิ่มขึ้นร้อยละ 18 จากยอดขายที่เติบโตและการควบคุมต้นทุนที่ดีขึ้น ผู้ถือหุ้นได้รับเงินปันผลเพิ่ม,business,positive
ผู้ประกอบการค้าปลีกปิดสาขาที่ไม่ทำกำไร,เครือค้าปลีกประกาศปิดสาขาที่ไม่ทำกำไรจำนวน 12 แห่ง เพื่อปรับโครงสร้างธุรกิจ พนักงานที่ได้รับผลกระทบจะถูกโยกย้ายไปสาขาใกล้เคียงตามความสมัครใจ,business,negative
สตาร์ทอัพไทยระดมทุนรอบใหม่ได้ 300 ล้านบาท,สตาร์ทอัพด้านเทคโนโลยีการเกษตรระดมทุนรอบซีรีส์เอได้ 300 ล้านบาท จากนักลงทุนในและต่างประเทศ โดยจะใช้ขยายทีมวิศวกรและขยายตลาดในภูมิภาค,business,positive
สองบริษัทประกาศควบรวมกิจการ,บริษัทในอุตสาหกรรมโลจิสติกส์สองรายประกาศแผนควบรวมกิจการ เพื่อเพิ่มเครือข่ายคลังสินค้าและลดต้นทุนซ้ำซ้อน โดยรอการอนุมัติจากหน่วยงานกำกับการแข่งขัน,business,neutral
โรงงานประกาศเลิกจ้างพนักงานกว่า 400 คน,โรงงานผลิตชิ้นส่วนประกาศเลิกจ้างพนักงานกว่า 400 คนหลังคำสั่งซื้อจากต่างประเทศลดลง บริษัทระบุจะจ่ายค่าชดเชยตามกฎหมายและช่วยประสานหางานใหม่,business,negative
แบรนด์ไทยขยายสาขาไปต่างประเทศเพิ่ม 5 แห่ง,แบรนด์ร้านอาหารไทยประกาศขยายสาขาในต่างประเทศเพิ่มอีก 5 แห่งภายในปีนี้ หลังสาขาแรกได้รับการตอบรับดีเกินคาด โดยใช้รูปแบบแฟรนไชส์ร่วมกับพันธมิตรท้องถิ่น,business,positive
ผู้บริหารระดับสูงลาออกจากตำแหน่ง,ประธานเจ้าหน้าที่บริหารของบริษัทจดทะเบียนแจ้งลาออกจากตำแหน่งโดยมีผลสิ้นเดือนนี้ คณะกรรมการแต่งตั้งผู้บริหารรักษาการและเริ่มกระบวนการสรรหาผู้ดำรงตำแหน่งใหม่,business,neutral
ยอดขายออนไลน์ของผู้ค้ารายย่อยเติบโตสูง,แพลตฟอร์มอีคอมเมิร์ซรายงานว่ายอดขายของผู้ค้ารายย่อยเติบโตสูงกว่าค่าเฉลี่ยของตลาด โดยกลุ่มสินค้าแฟชั่นและของใช้ในบ้านขายดีที่สุดในไตรมาสนี้,business,positive
บริษัทถูกปรับจากการโฆษณาเกินจริง,คณะกรรมการคุ้มครองผู้บริโภคสั่งปรับบริษัทรายหนึ่งจากการโฆษณาสรรพคุณสินค้าเกินความเป็นจริง พร้อมสั่งให้ระงับการโฆษณาและแก้ไขข้อความบนฉลาก,business,negative
เปิดโรงงานผลิตแบตเตอรี่แห่งแรกในประเทศ,กลุ่มทุนร่วมลงทุนเปิดโรงงานผลิตแบตเตอรี่สำหรับยานยนต์ไฟฟ้าแห่งแรกในประเทศ สร้างงานกว่า 800 ตำแหน่ง และช่วยลดการนำเข้าชิ้นส่วนสำคัญ,business,positive
ผู้ประกอบการเอสเอ็มอีเผชิญปัญหาสภาพคล่อง,ผลสำรวจพบผู้ประกอบการขนาดกลางและขนาดย่อมจำนวนมากเผชิญปัญหาสภาพคล่องจากการเก็บหนี้ล่าช้า สมาคมเรียกร้องให้มีมาตรการสินเชื่อดอกเบี้ยต่ำเพิ่มเติม,business,negative
บริษัทประกาศจ่ายเงินปันผลพิเศษ,บริษัทจดทะเบียนประกาศจ่ายเงินปันผลพิเศษให้ผู้ถือหุ้นจากกำไรสะสม หลังผลประกอบการดีกว่าคาดและกระแสเงินสดแข็งแรง ราคาหุ้นปรับขึ้นในวันประกาศ,business,positive
ตลาดแรงงานทักษะสูงแข่งขันรุนแรง,ผู้ประกอบการรายงานว่าการแข่งขันแย่งชิงแรงงานทักษะสูงด้านเทคโนโลยีรุนแรงขึ้น ทำให้ต้องปรับค่าตอบแทนและเพิ่มสวัสดิการเพื่อรักษาพนักงานไว้,business,neutral
ธุรกิจโรงแรมกลับมามีกำไรหลังการท่องเที่ยวฟื้น,ผู้ประกอบการโรงแรมในเมืองท่องเที่ยวรายงานว่ากลับมามีกำไรหลังอัตราการเข้าพักฟื้นตัว หลายแห่งเริ่มลงทุนปรับปรุงห้องพักที่ชะลอไว้ในช่วงก่อนหน้า,business,positive
บริษัทเลื่อนแผนลงทุนเพราะความไม่แน่นอน,บริษัทขนาดใหญ่ประกาศเลื่อนแผนการลงทุนโครงการใหม่ออกไปหนึ่งปี โดยอ้างความไม่แน่นอนของเศรษฐกิจโลกและต้นทุนการเงินที่สูงขึ้น,business,negative
ผู้ผลิตอาหารได้รับการรับรองมาตรฐานส่งออก,ผู้ผลิตอาหารแปรรูปได้รับการรับรองมาตรฐานความปลอดภัยระดับสากล ทำให้สามารถขยายการส่งออกไปตลาดที่มีข้อกำหนดเข้มงวดได้เป็นครั้งแรก,business,positive
ยอดจองรถยนต์ไฟฟ้าสูงกว่าคาดในงานมอเตอร์โชว์,ค่ายรถรายงานยอดจองรถยนต์ไฟฟ้าในงานมอเตอร์โชว์สูงกว่าที่คาดการณ์ไว้ โดยรุ่นราคาระดับกลางได้รับความนิยมมากที่สุด และเตรียมเพิ่มกำลังผลิต,business,positive
บริษัทประกาศปรับโครงสร้างองค์กรครั้งใหญ่,บริษัทประกาศปรับโครงสร้างองค์กรครั้งใหญ่ โดยรวมหน่วยธุรกิจที่ทับซ้อนและตั้งหน่วยงานดิจิทัลขึ้นใหม่ ผู้บริหารระบุว่าไม่มีแผนเลิกจ้างพนักงาน,business,neutral
ต้นทุนวัตถุดิบสูงกดดันอัตรากำไร,ผู้ผลิตสินค้าอุปโภคบริโภคระบุว่าต้นทุนวัตถุดิบที่สูงขึ้นกดดันอัตรากำไรขั้นต้น และอาจต้องพิจารณาปรับราคาสินค้าหากสถานการณ์ยืดเยื้อต่อไป,business,negative
ธุรกิจครอบครัวปรับตัวสู่การบริหารมืออาชีพ,ธุรกิจครอบครัวหลายแห่งเริ่มปรับสู่การบริหารแบบมืออาชีพ โดยแต่งตั้งกรรมการอิสระและวางแผนสืบทอดกิจการ ที่ปรึกษาระบุว่าช่วยเพิ่มความยั่งยืนในระยะยาว,business,positive
ผู้ถือหุ้นคัดค้านมติเพิ่มทุน,ที่ประชุมผู้ถือหุ้นมีเสียงคัดค้านมติเพิ่มทุนจำนวนมาก โดยผู้ถือหุ้นรายย่อยกังวลผลกระทบต่อสัดส่วนการถือหุ้น คณะกรรมการรับข้อกังวลไปทบทวนเงื่อนไข,business,negative
เปิดตัวศูนย์กระจายสินค้าอัตโนมัติแห่งใหม่,ผู้ให้บริการโลจิสติกส์เปิดศูนย์กระจายสินค้าที่ใช้ระบบอัตโนมัติแห่งใหม่ เพิ่มความสามารถในการจัดส่งได้เท่าตัวและลดข้อผิดพลาดในการหยิบสินค้า,business,positive
บริษัทถูกตรวจสอบเรื่องการเปิดเผยข้อมูล,หน่วยงานกำกับตลาดทุนเข้าตรวจสอบบริษัทจดทะเบียนรายหนึ่งเรื่องความครบถ้วนของการเปิดเผยข้อมูลรายการเกี่ยวโยง บริษัทยืนยันให้ความร่วมมือเต็มที่,business,negative
ยอดสมัครแฟรนไชส์ร้านกาแฟเพิ่มขึ้นเท่าตัว,เจ้าของแบรนด์ร้านกาแฟรายงานยอดผู้สนใจสมัครแฟรนไชส์เพิ่มขึ้นเท่าตัว โดยส่วนใหญ่เป็นผู้ประกอบการรายใหม่ที่ต้องการเริ่มธุรกิจในพื้นที่ต่างจังหวัด,business,positive
ผู้ประกอบการปรับใช้ระบบบัญชีดิจิทัล,ผู้ประกอบการขนาดกลางเริ่มเปลี่ยนมาใช้ระบบบัญชีดิจิทัลที่เชื่อมกับระบบภาษี ช่วยลดงานเอกสารและลดข้อผิดพลาด รวมถึงเข้าถึงสินเชื่อได้ง่ายขึ้นจากข้อมูลที่ชัดเจน,business,positive
บริษัทประกาศผลขาดทุนต่อเนื่องเป็นไตรมาสที่สาม,บริษัทจดทะเบียนรายงานผลขาดทุนต่อเนื่องเป็นไตรมาสที่สาม จากยอดขายที่ลดลงและค่าใช้จ่ายในการปรับโครงสร้าง คณะกรรมการเตรียมเสนอแผนฟื้นฟูกิจการ,business,negative
เปิดพื้นที่ทดลองตลาดให้ผู้ประกอบการรายใหม่,ศูนย์การค้าเปิดพื้นที่ให้ผู้ประกอบการรายใหม่ทดลองขายสินค้าโดยคิดค่าเช่าตามยอดขาย ช่วยลดความเสี่ยงในการเริ่มต้นธุรกิจ ผู้เข้าร่วมรอบแรกเต็มทุกล็อก,business,positive
อุตสาหกรรมก่อสร้างชะลอตัวตามโครงการที่ลดลง,ผู้ประกอบการก่อสร้างรายงานว่าปริมาณงานลดลงตามการชะลอโครงการทั้งภาครัฐและเอกชน ทำให้ต้องลดกำลังการผลิตและชะลอการลงทุนเครื่องจักรใหม่,business,negative
ผู้ผลิตปรับสายการผลิตรองรับสินค้าใหม่,ผู้ผลิตปรับปรุงสายการผลิตเพื่อรองรับสินค้ารุ่นใหม่ที่ใช้วัสดุรีไซเคิลมากขึ้น โดยใช้เวลาปรับสามเดือนและไม่กระทบการส่งมอบให้ลูกค้าเดิม,business,neutral
ธุรกิจส่งอาหารแข่งขันดุเดือด ผู้ประกอบการลดค่าคอม,แพลตฟอร์มส่งอาหารแข่งขันกันดุเดือด ทำให้บางรายลดค่าคอมมิชชันเพื่อดึงร้านค้าเข้าระบบ ร้านอาหารได้ประโยชน์จากต้นทุนที่ลดลงในระยะสั้น,business,positive
บริษัทประกาศเป้าลดคาร์บอนสุทธิเป็นศูนย์,บริษัทขนาดใหญ่ประกาศเป้าหมายลดการปล่อยคาร์บอนสุทธิเป็นศูนย์ภายในปี 2050 พร้อมแผนระยะกลางที่ตรวจสอบได้ นักลงทุนสถาบันตอบรับในทางบวก,business,positive
ผู้ค้าปลีกเผชิญปัญหาสินค้าค้างสต๊อก,ผู้ค้าปลีกรายงานปัญหาสินค้าค้างสต๊อกหลังคาดการณ์ยอดขายสูงเกินจริง ทำให้ต้องจัดโปรโมชันลดราคาซึ่งกระทบอัตรากำไรในไตรมาสนี้,business,negative
เปิดตัวกองทุนสนับสนุนธุรกิจเพื่อสังคม,สถาบันการเงินร่วมกับหน่วยงานเปิดตัวกองทุนสนับสนุนธุรกิจเพื่อสังคม ให้สินเชื่อดอกเบี้ยต่ำและพี่เลี้ยงธุรกิจ มีผู้ประกอบการยื่นขอสนับสนุนเกินเป้า,business,positive
บริษัทถูกฟ้องร้องเรื่องละเมิดสิทธิบัตร,บริษัทเทคโนโลยีรายหนึ่งถูกฟ้องร้องในคดีละเมิดสิทธิบัตรจากคู่แข่งต่างชาติ บริษัทยืนยันว่าพัฒนาเทคโนโลยีขึ้นเองและจะสู้คดีตามกระบวนการ,business,negative
ผลสำรวจชี้ผู้บริโภคให้ความสำคัญกับความยั่งยืน,ผลสำรวจพฤติกรรมผู้บริโภคพบว่าผู้ซื้อให้ความสำคัญกับความยั่งยืนของสินค้ามากขึ้น และยอมจ่ายเพิ่มเล็กน้อยสำหรับสินค้าที่มีการรับรองด้านสิ่งแวดล้อม,business,positive
ผู้ประกอบการขนส่งปรับขึ้นค่าบริการ,ผู้ประกอบการขนส่งประกาศปรับขึ้นค่าบริการตามต้นทุนน้ำมันและค่าแรง โดยจะมีผลในเดือนหน้า ผู้ใช้บริการรายใหญ่ขอเจรจาอัตราพิเศษสำหรับสัญญาระยะยาว,business,neutral
ร้านค้าชุมชนรวมกลุ่มซื้อสินค้าเพื่อลดต้นทุน,ร้านค้าปลีกในชุมชนรวมกลุ่มสั่งซื้อสินค้าร่วมกันเพื่อให้ได้ราคาส่ง ทำให้ต้นทุนลดลงและสามารถแข่งขันกับร้านสะดวกซื้อขนาดใหญ่ได้ดีขึ้น,business,positive
บริษัทเข้าจดทะเบียนในตลาดหลักทรัพย์วันแรก,บริษัทเทคโนโลยีเข้าซื้อขายในตลาดหลักทรัพย์เป็นวันแรก โดยราคาปิดสูงกว่าราคาเสนอขาย ผู้บริหารระบุว่าจะนำเงินระดมทุนไปขยายธุรกิจในภูมิภาค,business,positive
โรงงานหยุดผลิตชั่วคราวจากการซ่อมเครื่องจักร,โรงงานประกาศหยุดสายการผลิตชั่วคราวสองสัปดาห์เพื่อซ่อมบำรุงเครื่องจักรใหญ่ โดยได้เตรียมสินค้าคงคลังไว้ล่วงหน้าเพื่อไม่ให้กระทบการส่งมอบ,business,neutral
ยอดขายสินค้าเกษตรแปรรูปในประเทศเติบโต,ผู้ผลิตสินค้าเกษตรแปรรูปรายงานยอดขายในประเทศเติบโตต่อเนื่อง จากการปรับบรรจุภัณฑ์ให้เหมาะกับครัวเรือนขนาดเล็กและการขยายช่องทางออนไลน์,business,positive
ผู้ประกอบการกังวลต้นทุนการปฏิบัติตามกฎระเบียบใหม่,ผู้ประกอบการแสดงความกังวลต่อต้นทุนในการปฏิบัติตามกฎระเบียบใหม่ด้านการรายงานข้อมูล โดยขอให้หน่วยงานจัดอบรมและให้ระยะเวลาปรับตัวที่เพียงพอ,business,negative
บริษัทลงทุนพัฒนาทักษะพนักงานอย่างจริงจัง,บริษัทประกาศงบลงทุนพัฒนาทักษะพนักงานเพิ่มขึ้นเท่าตัว ครอบคลุมทักษะดิจิทัลและการวิเคราะห์ข้อมูล ผลประเมินพบว่าอัตราการลาออกลดลงหลังเริ่มโครงการ,business,positive
ธุรกิจร้านหนังสือปิดตัวเพิ่มขึ้น,ผู้ประกอบการร้านหนังสือรายงานว่ามีร้านปิดตัวเพิ่มขึ้นจากพฤติกรรมผู้อ่านที่เปลี่ยนไป บางรายปรับตัวโดยเพิ่มพื้นที่คาเฟ่และกิจกรรมชุมชนเพื่อดึงลูกค้า,business,negative
ผู้ส่งออกได้คำสั่งซื้อใหม่จากตลาดตะวันออกกลาง,ผู้ส่งออกสินค้าอุปโภคบริโภคได้รับคำสั่งซื้อใหม่จากตลาดตะวันออกกลางหลังเข้าร่วมงานแสดงสินค้า ช่วยชดเชยคำสั่งซื้อที่ลดลงจากตลาดเดิม,business,positive
บริษัทประกาศนโยบายทำงานแบบผสมผสานถาวร,บริษัทประกาศใช้นโยบายทำงานแบบผสมผสานเป็นการถาวร โดยให้พนักงานเข้าออฟฟิศสามวันต่อสัปดาห์ ผลสำรวจภายในพบว่าพนักงานส่วนใหญ่พอใจกับรูปแบบนี้,business,positive
ผู้ประกอบการรายย่อยเข้าถึงตลาดต่างประเทศผ่านแพลตฟอร์ม,ผู้ประกอบการรายย่อยเริ่มขายสินค้าไปต่างประเทศผ่านแพลตฟอร์มอีคอมเมิร์ซข้ามพรมแดน โดยหน่วยงานช่วยอบรมเรื่องเอกสารส่งออกและการตั้งราคา,business,positive
ต้นทุนการเงินสูงขึ้นกระทบแผนขยายกิจการ,ผู้ประกอบการระบุว่าอัตราดอกเบี้ยเงินกู้ที่สูงขึ้นทำให้ต้องทบทวนแผนขยายกิจการและเลื่อนการลงทุนบางส่วนออกไป เพื่อรักษาสภาพคล่องของธุรกิจ,business,negative
บริษัทได้รับรางวัลด้านธรรมาภิบาล,บริษัทจดทะเบียนได้รับรางวัลด้านธรรมาภิบาลจากการเปิดเผยข้อมูลที่โปร่งใสและการดูแลผู้ถือหุ้นรายย่อย นักลงทุนสถาบันมองว่าสะท้อนคุณภาพการบริหาร,business,positive
ยอดใช้จ่ายผ่านบัตรเครดิตเพิ่มขึ้นในหมวดท่องเที่ยว,ผู้ให้บริการบัตรเครดิตรายงานยอดใช้จ่ายเพิ่มขึ้นชัดเจนในหมวดการเดินทางและที่พัก สะท้อนการฟื้นตัวของการท่องเที่ยวทั้งในและต่างประเทศ,business,positive
ผู้ประกอบการเรียกร้องความชัดเจนเรื่องมาตรการภาษี,ผู้ประกอบการเรียกร้องให้ภาครัฐให้ความชัดเจนเรื่องมาตรการภาษีที่จะประกาศใช้ เพื่อให้สามารถวางแผนธุรกิจและงบลงทุนในปีถัดไปได้อย่างมั่นใจ,business,neutral
กรมอุตุนิยมวิทยาคาดการณ์อากาศเย็นลงในสัปดาห์หน้า,กรมอุตุนิยมวิทยาคาดการณ์ว่าอุณหภูมิจะลดลง 2-4 องศาเซลเซียสในสัปดาห์หน้า จากมวลอากาศเย็นที่แผ่ลงมาปกคลุม ประชาชนควรเตรียมเครื่องนุ่งห่มให้พร้อม,other,neutral
ประกาศผลรางวัลสลากกินแบ่งรัฐบาลงวดล่าสุด,สำนักงานสลากกินแบ่งรัฐบาลประกาศผลการออกรางวัลงวดล่าสุด โดยผู้ถูกรางวัลที่หนึ่งสามารถติดต่อขอรับเงินรางวัลได้ตามขั้นตอนที่กำหนดภายในระยะเวลาที่ระบุ,other,neutral
เปิดจองคิวทำหนังสือเดินทางล่วงหน้าออนไลน์,กรมการกงสุลเปิดให้ประชาชนจองคิวทำหนังสือเดินทางล่วงหน้าผ่านระบบออนไลน์ทุกสำนักงาน ช่วยลดเวลารอคอยและทำให้วางแผนการเดินทางได้สะดวกขึ้น,other,positive
แมวจรจัดในตลาดกลายเป็นขวัญใจผู้ค้า,แมวจรจัดตัวหนึ่งที่อาศัยอยู่ในตลาดสดกลายเป็นขวัญใจของผู้ค้าและลูกค้า มีผู้ช่วยกันดูแลอาหารและนำไปทำหมัน จนกลายเป็นสัญลักษณ์ประจำตลาด,other,positive
เตือนการจราจรติดขัดช่วงวันหยุดยาว,ตำรวจทางหลวงคาดการณ์ว่าการจราจรบนถนนสายหลักจะติดขัดในช่วงวันหยุดยาว จึงแนะให้ผู้เดินทางออกเดินทางก่อนเวลาหรือเลือกใช้เส้นทางเลี่ยงที่ประกาศไว้,other,neutral
พบต้นไม้ใหญ่อายุกว่า 200 ปีในพื้นที่ชุมชน,นักพฤกษศาสตร์สำรวจพบต้นไม้ใหญ่อายุประมาณ 200 ปีในพื้นที่ชุมชน จึงเสนอให้ขึ้นทะเบียนเป็นต้นไม้อนุรักษ์ ชาวบ้านร่วมกันดูแลและจัดพื้นที่รอบต้นไม้ให้เป็นที่พักผ่อน,other,positive
ปรับปรุงเวลาทำการของสำนักงานราชการ,หน่วยงานประกาศปรับเวลาทำการของสำนักงานให้เหลื่อมกัน เพื่อลดความแออัดในช่วงเช้าและรองรับประชาชนที่ต้องการมาติดต่อหลังเลิกงาน โดยจะเริ่มใช้เดือนหน้า,other,neutral
ชายวัย 70 ปีจบปริญญาตรีสำเร็จ,ชายวัย 70 ปีสำเร็จการศึกษาระดับปริญญาตรีจากมหาวิทยาลัยเปิด หลังใช้เวลาเรียนควบคู่การทำงานเป็นเวลาหกปี เจ้าตัวระบุว่าอยากเป็นแรงบันดาลใจให้ลูกหลาน,other,positive
ประกาศเปลี่ยนแปลงเส้นทางเดินรถประจำทาง,ผู้ให้บริการเดินรถประกาศปรับเส้นทางรถประจำทางสองสาย เพื่อให้ครอบคลุมย่านที่อยู่อาศัยใหม่ โดยผู้โดยสารสามารถตรวจสอบเส้นทางและป้ายหยุดใหม่ได้ทางแอปพลิเคชัน,other,neutral
หมาจรจัดช่วยเห่าเตือนไฟไหม้บ้าน,สุนัขจรจัดที่ชาวบ้านให้อาหารเป็นประจำเห่าเตือนจนเจ้าของบ้านตื่นและพบว่าเกิดเพลิงไหม้ในครัว ทำให้ดับไฟได้ทันก่อนลุกลาม ชาวบ้านรับสุนัขไปเลี้ยงดูอย่างดี,other,positive
ประกาศงดจ่ายน้ำประปาชั่วคราวเพื่อซ่อมท่อ,การประปาแจ้งงดจ่ายน้ำชั่วคราวในบางพื้นที่เพื่อซ่อมท่อประธาน โดยจะดำเนินการในช่วงกลางคืนและคาดว่าจะจ่ายน้ำได้ตามปกติในเช้าวันรุ่งขึ้น,other,neutral
พบวัตถุโบราณระหว่างขุดปรับพื้นที่,คนงานพบวัตถุโบราณระหว่างขุดปรับพื้นที่ก่อสร้าง จึงแจ้งกรมศิลปากรเข้าตรวจสอบและระงับการก่อสร้างชั่วคราว เบื้องต้นคาดว่ามีอายุหลายร้อยปี,other,neutral
ปฏิทินวันหยุดราชการปีหน้าประกาศแล้ว,คณะรัฐมนตรีเห็นชอบปฏิทินวันหยุดราชการประจำปีหน้า โดยมีวันหยุดต่อเนื่องหลายช่วง ซึ่งภาคการท่องเที่ยวคาดว่าจะช่วยกระตุ้นการเดินทางในประเทศ,other,neutral
ชาวบ้านคืนกระเป๋าเงินที่เก็บได้ให้เจ้าของ,ชาวบ้านเก็บกระเป๋าเงินที่มีเงินสดและเอกสารสำคัญได้ริมถนน จึงนำไปมอบให้เจ้าหน้าที่เพื่อติดตามหาเจ้าของ ซึ่งได้รับคืนครบถ้วนและมาขอบคุณด้วยตนเอง,other,positive
เตือนระวังพายุฤดูร้อนในช่วงบ่ายถึงค่ำ,กรมอุตุนิยมวิทยาเตือนให้ระวังพายุฤดูร้อนที่อาจเกิดในช่วงบ่ายถึงค่ำ โดยจะมีฝนฟ้าคะนองและลมกระโชกแรง ขอให้หลีกเลี่ยงการอยู่ในที่โล่งและใต้ต้นไม้ใหญ่,other,neutral
เปิดให้บริการห้องน้ำสาธารณะปรับปรุงใหม่,เทศบาลปรับปรุงห้องน้ำสาธารณะในสวนสาธารณะและตลาดให้สะอาดและรองรับผู้พิการ ผู้ใช้บริการระบุว่าสภาพดีขึ้นกว่าเดิมอย่างเห็นได้ชัด,other,positive
ประกาศรับสมัครสอบเข้ารับราชการหลายตำแหน่ง,สำนักงานคณะกรรมการข้าราชการพลเรือนประกาศรับสมัครสอบแข่งขันเพื่อบรรจุเข้ารับราชการหลายตำแหน่ง โดยเปิดรับสมัครทางอินเทอร์เน็ตตามกำหนดการที่ประกาศ,other,neutral
ครอบครัวพบกันอีกครั้งหลังพลัดพรากกว่า 20 ปี,ครอบครัวหนึ่งได้พบกันอีกครั้งหลังพลัดพรากกันมากว่า 20 ปี โดยมีผู้ช่วยตามหาผ่านสื่อสังคมออนไลน์ ทั้งสองฝ่ายกล่าวขอบคุณผู้ที่ช่วยประสานให้ได้พบกัน,other,positive
ปิดปรับปรุงสวนสาธารณะบางส่วนเป็นเวลาหนึ่งเดือน,เทศบาลแจ้งปิดปรับปรุงพื้นที่บางส่วนของสวนสาธารณะเป็นเวลาหนึ่งเดือน เพื่อเปลี่ยนพื้นทางเดินและปรับปรุงระบบรดน้ำ โดยส่วนอื่นยังเปิดให้ใช้ตามปกติ,other,neutral
นักเรียนเก็บเงินได้แล้วนำไปคืนที่โรงเรียน,นักเรียนชั้นประถมเก็บเงินได้ในบริเวณโรงเรียนและนำไปมอบให้ครูเพื่อประกาศหาเจ้าของ ทางโรงเรียนชื่นชมและมอบเกียรติบัตรเพื่อเป็นแบบอย่างให้เพื่อนนักเรียน,other,positive
ประกาศเตือนคลื่นความร้อนต่อเนื่องหลายวัน,หน่วยงานพยากรณ์อากาศแจ้งว่าอุณหภูมิจะสูงต่อเนื่องหลายวัน โดยบางพื้นที่อาจแตะ 40 องศาเซลเซียส ขอให้ประชาชนดื่มน้ำมากขึ้นและเลี่ยงกิจกรรมกลางแจ้งช่วงเที่ยง,other,neutral
ตลาดนัดกลางคืนแห่งใหม่เปิดให้บริการ,ตลาดนัดกลางคืนแห่งใหม่เปิดให้บริการในย่านชุมชน มีร้านค้ากว่า 200 ร้านและลานกิจกรรม ผู้ค้าระบุว่ายอดขายในสัปดาห์แรกดีกว่าที่คาดไว้,other,positive
ปรับปรุงสะพานลอยคนเดินข้ามให้ปลอดภัยขึ้น,หน่วยงานปรับปรุงสะพานลอยคนเดินข้ามหลายจุด โดยเปลี่ยนพื้นกันลื่นและเพิ่มไฟส่องสว่าง ผู้ใช้ทางเดินระบุว่ารู้สึกปลอดภัยขึ้นเมื่อใช้ในเวลากลางคืน,other,positive
ประกาศผลการคัดเลือกผู้ได้รับรางวัลพลเมืองดี,หน่วยงานประกาศผลการคัดเลือกผู้ได้รับรางวัลพลเมืองดีประจำปี โดยพิจารณาจากการช่วยเหลือผู้อื่นและการทำประโยชน์ต่อชุมชนอย่างต่อเนื่อง,other,positive
เตือนหมอกหนาในช่วงเช้าบนเส้นทางภูเขา,หน่วยงานเตือนผู้ขับขี่บนเส้นทางภูเขาระวังหมอกหนาในช่วงเช้าซึ่งทำให้มองเห็นได้จำกัด แนะให้เปิดไฟหน้าและเว้นระยะห่างจากรถคันหน้าให้มากขึ้น,other,neutral
ผู้สูงอายุเรียนใช้แอปเรียกรถได้ด้วยตัวเอง,กลุ่มผู้สูงอายุที่เข้าอบรมการใช้เทคโนโลยีสามารถเรียกรถผ่านแอปได้ด้วยตัวเอง ทำให้เดินทางไปโรงพยาบาลและตลาดได้สะดวกขึ้นโดยไม่ต้องรอลูกหลาน,other,positive
ปรับค่าธรรมเนียมบริการบางรายการของหน่วยงาน,หน่วยงานประกาศปรับค่าธรรมเนียมบริการบางรายการตามต้นทุนที่เปลี่ยนแปลง โดยจะมีผลในไตรมาสหน้า และเผยแพร่ตารางอัตราใหม่บนเว็บไซต์ให้ตรวจสอบได้,other,neutral
งานวัดประจำปีจัดขึ้นอย่างคึกคัก,งานวัดประจำปีจัดขึ้นเป็นเวลาเจ็ดวัน มีทั้งการแสดงพื้นบ้าน ร้านค้า และกิจกรรมสำหรับเด็ก ผู้เข้าร่วมจำนวนมากและผู้ค้าในพื้นที่มีรายได้เพิ่มขึ้น,other,positive
เตือนอย่าเผาหญ้าริมทางเพราะเสี่ยงลุกลาม,หน่วยงานเตือนประชาชนไม่ให้เผาหญ้าริมทางในช่วงอากาศแห้งและลมแรง เนื่องจากไฟอาจลุกลามไปยังพื้นที่ข้างเคียงและก่อให้เกิดควันรบกวนผู้ใช้ถนน,other,neutral
ทีมกู้ภัยช่วยลูกแมวติดในท่อระบายน้ำ,ทีมกู้ภัยใช้เวลาราวหนึ่งชั่วโมงช่วยลูกแมวที่ตกลงไปติดในท่อระบายน้ำขึ้นมาได้อย่างปลอดภัย ชาวบ้านที่มามุงดูช่วยกันหาบ้านให้ลูกแมวในวันเดียวกัน,other,positive
ประกาศปิดถนนบางช่วงเพื่อจัดกิจกรรม,หน่วยงานท้องถิ่นประกาศปิดถนนบางช่วงในวันเสาร์เพื่อจัดกิจกรรมถนนคนเดิน โดยจัดเส้นทางเลี่ยงและเพิ่มจุดจอดรถชั่วคราวให้ผู้มาร่วมงาน,other,neutral
ชาวบ้านช่วยกันซ่อมบ้านให้ผู้สูงอายุที่อยู่ลำพัง,ชาวบ้านและช่างในชุมชนรวมตัวช่วยกันซ่อมหลังคาและห้องน้ำให้ผู้สูงอายุที่อยู่ลำพังโดยไม่คิดค่าแรง วัสดุได้จากการบริจาคของร้านค้าในพื้นที่,other,positive
ปริมาณฝนเดือนนี้ต่ำกว่าค่าเฉลี่ย,สถานีตรวจอากาศรายงานว่าปริมาณฝนในเดือนนี้ต่ำกว่าค่าเฉลี่ยระยะยาว ซึ่งเป็นข้อมูลที่หน่วยงานจะใช้ประกอบการวางแผนบริหารน้ำในช่วงถัดไป,other,neutral
เปิดตัวสวนสุนัขสาธารณะแห่งแรกในเขต,เทศบาลเปิดสวนสำหรับสุนัขแห่งแรกในเขต มีพื้นที่วิ่งเล่นแยกตามขนาดและจุดล้างทำความสะอาด เจ้าของสัตว์เลี้ยงตอบรับดีและมีผู้มาใช้บริการต่อเนื่อง,other,positive
ประกาศตารางการดับไฟฟ้าเพื่อบำรุงรักษา,การไฟฟ้าประกาศตารางการดับกระแสไฟฟ้าชั่วคราวในบางพื้นที่เพื่อบำรุงรักษาระบบ โดยแจ้งล่วงหน้าเจ็ดวันและระบุช่วงเวลาที่ชัดเจนให้ผู้ใช้ไฟเตรียมตัว,other,neutral
พบดอกไม้หายากบานในพื้นที่อนุรักษ์,เจ้าหน้าที่พบดอกไม้หายากบานในพื้นที่อนุรักษ์ ซึ่งบานเพียงปีละครั้งในช่วงเวลาสั้น จึงเปิดให้เข้าชมแบบมีเจ้าหน้าที่นำทางเพื่อไม่ให้กระทบต้นพืช,other,positive
เตือนระวังของเล่นที่ไม่ได้มาตรฐาน,หน่วยงานคุ้มครองผู้บริโภคเตือนผู้ปกครองระวังของเล่นที่ไม่มีเครื่องหมายมาตรฐาน เนื่องจากอาจมีชิ้นส่วนเล็กที่เสี่ยงต่อการสำลักในเด็กเล็ก,other,negative
ประกาศรายชื่อผู้มีสิทธิ์รับเบี้ยยังชีพรอบใหม่,หน่วยงานท้องถิ่นประกาศรายชื่อผู้มีสิทธิ์รับเบี้ยยังชีพผู้สูงอายุรอบใหม่ โดยผู้ที่ตรวจไม่พบชื่อสามารถยื่นตรวจสอบเพิ่มเติมได้ที่สำนักงานภายในกำหนด,other,neutral
หนุ่มปั่นจักรยานข้ามภาคเพื่อระดมทุนการกุศล,ชายหนุ่มปั่นจักรยานข้ามภาคเป็นระยะทางกว่า 900 กิโลเมตรเพื่อระดมทุนช่วยเหลือเด็กด้อยโอกาส ยอดบริจาครวมเกินเป้าหมายเมื่อถึงจุดหมายปลายทาง,other,positive
ปรับปรุงระบบคิวที่สำนักงานให้เร็วขึ้น,สำนักงานบริการประชาชนปรับปรุงระบบคิวใหม่โดยแยกช่องตามประเภทงาน ทำให้เวลารอเฉลี่ยลดลง ผู้มาติดต่อระบุว่าใช้เวลาน้อยกว่าครั้งก่อนอย่างชัดเจน,other,positive
เตือนน้ำทะเลเปลี่ยนสีจากแพลงก์ตอนบลูม,หน่วยงานชี้แจงว่าน้ำทะเลที่เปลี่ยนสีในบางพื้นที่เกิดจากปรากฏการณ์แพลงก์ตอนบลูมตามธรรมชาติ ขอให้หลีกเลี่ยงการลงเล่นน้ำในบริเวณดังกล่าวชั่วคราว,other,neutral
ร้านค้าเก่าแก่ครบรอบ 80 ปี,ร้านค้าเก่าแก่ในย่านการค้าครบรอบการเปิดกิจการ 80 ปี โดยยังคงสูตรและวิธีทำแบบดั้งเดิม เจ้าของรุ่นที่สามระบุว่าจะรักษาคุณภาพและส่งต่อให้รุ่นถัดไป,other,positive
ประกาศปรับปรุงระบบสัญญาณไฟจราจรหลายแยก,หน่วยงานจราจรประกาศปรับปรุงระบบสัญญาณไฟหลายแยกในเขตเมือง โดยจะทำงานในช่วงกลางคืนเพื่อลดผลกระทบ และจะมีเจ้าหน้าที่อำนวยความสะดวกในช่วงดำเนินงาน,other,neutral
ผู้โดยสารลืมกระเป๋าบนรถโดยสาร ได้รับคืนครบ,ผู้โดยสารที่ลืมกระเป๋าไว้บนรถโดยสารได้รับคืนครบถ้วนหลังพนักงานเก็บรักษาและติดต่อกลับ ผู้ประกอบการชื่นชมพนักงานและมอบรางวัลเป็นกำลังใจ,other,positive
เตือนระวังอันตรายจากการเล่นน้ำในแหล่งน้ำธรรมชาติ,หน่วยงานเตือนประชาชนระวังอันตรายจากการเล่นน้ำในแหล่งน้ำธรรมชาติที่ไม่มีเจ้าหน้าที่ดูแล โดยเฉพาะในช่วงหลังฝนตกที่กระแสน้ำแรงและระดับน้ำเปลี่ยนเร็ว,other,negative
เปิดพื้นที่จอดจักรยานเพิ่มในสถานีขนส่ง,หน่วยงานเพิ่มพื้นที่จอดจักรยานที่สถานีขนส่งและสถานีรถไฟฟ้า เพื่อสนับสนุนการเดินทางแบบเชื่อมต่อ ผู้ใช้จักรยานระบุว่าช่วยให้เดินทางต่อได้สะดวกขึ้น,other,positive
ประกาศเลื่อนกำหนดการจัดงานเนื่องจากฝน,ผู้จัดงานประกาศเลื่อนกำหนดการจัดกิจกรรมกลางแจ้งออกไปหนึ่งสัปดาห์เนื่องจากสภาพอากาศฝนตกต่อเนื่อง โดยผู้ที่ลงทะเบียนไว้แล้วยังใช้สิทธิ์ได้ในวันใหม่,other,neutral
ชุมชนจัดกิจกรรมทำความสะอาดถนนร่วมกัน,ชาวบ้านในชุมชนนัดรวมตัวทำความสะอาดถนนและทางเท้าในวันหยุด มีผู้เข้าร่วมกว่า 150 คน ทำให้พื้นที่สะอาดขึ้นและสร้างความสัมพันธ์ระหว่างเพื่อนบ้าน,other,positive
เผยแพร่คู่มือเตรียมตัวรับมือเหตุฉุกเฉินในบ้าน,หน่วยงานเผยแพร่คู่มือเตรียมตัวรับมือเหตุฉุกเฉินในบ้าน ครอบคลุมการเตรียมกระเป๋าฉุกเฉิน เบอร์ติดต่อสำคัญ และแผนอพยพภายในครัวเรือน ให้ดาวน์โหลดฟรี,other,neutral
อุณหภูมิต่ำสุดของปีวัดได้บนยอดดอย,สถานีตรวจอากาศบนยอดดอยวัดอุณหภูมิต่ำสุดของปีได้ที่ 3 องศาเซลเซียส ทำให้มีนักท่องเที่ยวเดินทางขึ้นไปสัมผัสอากาศเย็นจำนวนมากในช่วงสุดสัปดาห์,other,neutral
ผู้ใจบุญมอบรถเข็นให้ผู้พิการในชุมชน,ผู้ใจบุญร่วมกันบริจาครถเข็นและอุปกรณ์ช่วยเดินให้ผู้พิการในชุมชนกว่า 30 ราย โดยประสานผ่านโรงพยาบาลส่งเสริมสุขภาพตำบลเพื่อให้ตรงกับความจำเป็น,other,positive
